query_id,user_id,query_type,target_event_id,target_is_dense_top5,e5_dense_target_rank,top5_raw_ppr_target_rank,top5_ppr_rrf_target_rank,all_event_raw_ppr_target_rank,all_event_ppr_rrf_target_rank,e5_dense_reciprocal_rank,top5_raw_ppr_reciprocal_rank,top5_ppr_rrf_reciprocal_rank,all_event_raw_ppr_reciprocal_rank,all_event_ppr_rrf_reciprocal_rank,e5_dense_top1_event_id,top5_raw_ppr_top1_event_id,top5_ppr_rrf_top1_event_id,all_event_raw_ppr_top1_event_id,all_event_ppr_rrf_top1_event_id,all_rrf_rank_gain_vs_dense,all_rrf_rank_gain_vs_top5_rrf,all_raw_rank_gain_vs_top5_raw
tokyo_100159_relational_after,100159,relational_after,2018_1765800__event_002,True,3,5,4,1,1,0.3333333333,0.2000000000,0.2500000000,1.0000000000,1.0000000000,2018_1765837__event_001,2018_1765805__event_001,2018_1765805__event_001,2018_1765800__event_002,2018_1765800__event_002,2,3,4
tokyo_100159_semantic,100159,semantic,2018_1765805__event_002,True,1,3,1,17,10,1.0000000000,0.3333333333,1.0000000000,0.0588235294,0.1000000000,2018_1765805__event_002,2018_1765827__event_002,2018_1765805__event_002,2018_1765816__event_002,2018_1765823__event_002,-9,-9,-14
tokyo_100159_temporal_spatial,100159,temporal_spatial,2018_1765792__event_002,True,1,1,1,1,1,1.0000000000,1.0000000000,1.0000000000,1.0000000000,1.0000000000,2018_1765792__event_002,2018_1765792__event_002,2018_1765792__event_002,2018_1765792__event_002,2018_1765792__event_002,0,0,0
tokyo_100312_relational_after,100312,relational_after,2018_1767876__event_002,False,23,8,9,27,26,0.0434782609,0.1250000000,0.1111111111,0.0370370370,0.0384615385,2018_1767876__event_001,2018_1767876__event_001,2018_1767876__event_001,2018_1767907__event_002,2018_1767876__event_001,-3,-17,-19
tokyo_100312_semantic,100312,semantic,2018_1767925__event_002,True,1,2,1,17,6,1.0000000000,0.5000000000,1.0000000000,0.0588235294,0.1666666667,2018_1767925__event_002,2018_1767958__event_002,2018_1767925__event_002,2018_1767953__event_002,2018_1767947__event_001,-5,-5,-15
tokyo_100312_temporal_spatial,100312,temporal_spatial,2018_1767957__event_002,True,1,1,1,3,1,1.0000000000,1.0000000000,1.0000000000,0.3333333333,1.0000000000,2018_1767957__event_002,2018_1767957__event_002,2018_1767957__event_002,2018_1767953__event_002,2018_1767957__event_002,0,0,-2
tokyo_100677_relational_after,100677,relational_after,2018_1773210__event_002,True,2,1,1,2,2,0.5000000000,1.0000000000,1.0000000000,0.5000000000,0.5000000000,2018_1773206__event_002,2018_1773210__event_002,2018_1773210__event_002,2018_1773205__event_002,2018_1773206__event_002,0,-1,-1
tokyo_100677_semantic,100677,semantic,2018_1773217__event_002,True,1,3,2,6,3,1.0000000000,0.3333333333,0.5000000000,0.1666666667,0.3333333333,2018_1773217__event_002,2018_1773220__event_002,2018_1773220__event_002,2018_1773220__event_001,2018_1773220__event_001,-2,-1,-3
tokyo_100677_temporal_spatial,100677,temporal_spatial,2018_1773220__event_002,True,2,1,1,2,2,0.5000000000,1.0000000000,1.0000000000,0.5000000000,0.5000000000,2018_1773220__event_001,2018_1773220__event_002,2018_1773220__event_002,2018_1773220__event_001,2018_1773220__event_001,0,-1,-1
tokyo_101467_relational_after,101467,relational_after,2018_1784994__event_004,True,3,3,3,3,3,0.3333333333,0.3333333333,0.3333333333,0.3333333333,0.3333333333,2018_1784994__event_003,2018_1784994__event_002,2018_1784994__event_002,2018_1784994__event_002,2018_1784994__event_002,0,0,0
tokyo_101467_semantic,101467,semantic,2018_1784986__event_002,True,1,1,1,6,1,1.0000000000,1.0000000000,1.0000000000,0.1666666667,1.0000000000,2018_1784986__event_002,2018_1784986__event_002,2018_1784986__event_002,2018_1785005__event_002,2018_1784986__event_002,0,0,-5
tokyo_101467_temporal_spatial,101467,temporal_spatial,2018_1785004__event_001,True,2,4,3,10,3,0.5000000000,0.2500000000,0.3333333333,0.1000000000,0.3333333333,2018_1785009__event_001,2018_1785009__event_001,2018_1785009__event_001,2018_1785003__event_002,2018_1785003__event_002,-1,0,-6
tokyo_103621_relational_after,103621,relational_after,2018_1816122__event_002,True,2,4,3,1,2,0.5000000000,0.2500000000,0.3333333333,1.0000000000,0.5000000000,2018_1816122__event_001,2018_1816122__event_001,2018_1816122__event_001,2018_1816122__event_002,2018_1816122__event_001,0,1,3
tokyo_103621_semantic,103621,semantic,2018_1816137__event_002,True,1,1,1,6,3,1.0000000000,1.0000000000,1.0000000000,0.1666666667,0.3333333333,2018_1816137__event_002,2018_1816137__event_002,2018_1816137__event_002,2018_1816129__event_001,2018_1816129__event_001,-2,-2,-5
tokyo_103621_temporal_spatial,103621,temporal_spatial,2018_1816124__event_001,True,1,3,1,3,1,1.0000000000,0.3333333333,1.0000000000,0.3333333333,1.0000000000,2018_1816124__event_001,2018_1816125__event_001,2018_1816124__event_001,2018_1816124__event_002,2018_1816124__event_001,0,0,0
tokyo_106628_relational_after,106628,relational_after,2018_1860406__event_003,True,1,4,3,12,3,1.0000000000,0.2500000000,0.3333333333,0.0833333333,0.3333333333,2018_1860406__event_003,2018_1860419__event_002,2018_1860419__event_002,2018_1860406__event_002,2018_1860406__event_002,-2,0,-8
tokyo_106628_semantic,106628,semantic,2018_1860388__event_002,False,6,76,24,15,7,0.1666666667,0.0131578947,0.0416666667,0.0666666667,0.1428571429,2018_1860405__event_002,2018_1860405__event_002,2018_1860405__event_002,2018_1860443__event_002,2018_1860443__event_002,-1,17,61
tokyo_106628_temporal_spatial,106628,temporal_spatial,2018_1860444__event_001,True,2,1,2,25,9,0.5000000000,1.0000000000,0.5000000000,0.0400000000,0.1111111111,2018_1860435__event_002,2018_1860444__event_001,2018_1860435__event_002,2018_1860391__event_002,2018_1860435__event_002,-7,-7,-24
tokyo_109617_relational_after,109617,relational_after,2018_1909144__event_002,True,3,2,3,14,5,0.3333333333,0.5000000000,0.3333333333,0.0714285714,0.2000000000,2018_1909184__event_001,2018_1909144__event_001,2018_1909144__event_001,2018_1909157__event_002,2018_1909184__event_001,-2,-2,-12
tokyo_109617_semantic,109617,semantic,2018_1909178__event_001,True,1,3,1,23,6,1.0000000000,0.3333333333,1.0000000000,0.0434782609,0.1666666667,2018_1909178__event_001,2018_1909181__event_002,2018_1909178__event_001,2018_1909213__event_002,2018_1909213__event_002,-5,-5,-20
tokyo_109617_temporal_spatial,109617,temporal_spatial,2018_1909138__event_002,True,2,3,2,10,1,0.5000000000,0.3333333333,0.5000000000,0.1000000000,1.0000000000,2018_1909213__event_001,2018_1909181__event_002,2018_1909181__event_002,2018_1909213__event_002,2018_1909138__event_002,1,1,-7
tokyo_109621_relational_after,109621,relational_after,2018_1909384__event_002,True,4,2,2,39,12,0.2500000000,0.5000000000,0.5000000000,0.0256410256,0.0833333333,2018_1909384__event_001,2018_1909384__event_001,2018_1909384__event_001,2018_1909383__event_003,2018_1909383__event_003,-8,-10,-37
tokyo_109621_semantic,109621,semantic,2018_1909374__event_005,True,1,3,1,61,14,1.0000000000,0.3333333333,1.0000000000,0.0163934426,0.0714285714,2018_1909374__event_005,2018_1909388__event_002,2018_1909374__event_005,2018_1909378__event_002,2018_1909371__event_002,-13,-13,-58
tokyo_109621_temporal_spatial,109621,temporal_spatial,2018_1909385__event_002,True,1,3,2,39,8,1.0000000000,0.3333333333,0.5000000000,0.0256410256,0.1250000000,2018_1909385__event_002,2018_1909388__event_001,2018_1909388__event_001,2018_1909378__event_002,2018_1909378__event_002,-7,-6,-36
tokyo_113499_relational_after,113499,relational_after,2018_1959244__event_002,True,3,4,4,5,5,0.3333333333,0.2500000000,0.2500000000,0.2000000000,0.2000000000,2018_1959244__event_001,2018_1959244__event_001,2018_1959244__event_001,2018_1959234__event_003,2018_1959244__event_001,-2,-1,-1
tokyo_113499_semantic,113499,semantic,2018_1959247__event_001,True,1,1,1,5,1,1.0000000000,1.0000000000,1.0000000000,0.2000000000,1.0000000000,2018_1959247__event_001,2018_1959247__event_001,2018_1959247__event_001,2018_1959234__event_003,2018_1959247__event_001,0,0,-4
tokyo_113499_temporal_spatial,113499,temporal_spatial,2018_1959247__event_002,True,3,3,3,5,2,0.3333333333,0.3333333333,0.3333333333,0.2000000000,0.5000000000,2018_1959250__event_001,2018_1959250__event_001,2018_1959250__event_001,2018_1959234__event_003,2018_1959250__event_002,1,1,-2
tokyo_113897_relational_after,113897,relational_after,2018_1963899__event_002,True,1,2,2,4,1,1.0000000000,0.5000000000,0.5000000000,0.2500000000,1.0000000000,2018_1963899__event_002,2018_1963899__event_001,2018_1963899__event_001,2018_1963911__event_002,2018_1963899__event_002,0,1,-2
tokyo_113897_semantic,113897,semantic,2018_1963910__event_002,True,1,1,1,4,1,1.0000000000,1.0000000000,1.0000000000,0.2500000000,1.0000000000,2018_1963910__event_002,2018_1963910__event_002,2018_1963910__event_002,2018_1963913__event_002,2018_1963910__event_002,0,0,-3
tokyo_113897_temporal_spatial,113897,temporal_spatial,2018_1963913__event_002,True,3,3,3,1,1,0.3333333333,0.3333333333,0.3333333333,1.0000000000,1.0000000000,2018_1963902__event_002,2018_1963902__event_002,2018_1963902__event_002,2018_1963913__event_002,2018_1963913__event_002,2,2,2
tokyo_115855_relational_after,115855,relational_after,2018_1984790__event_004,True,1,3,2,9,5,1.0000000000,0.3333333333,0.5000000000,0.1111111111,0.2000000000,2018_1984790__event_004,2018_1984790__event_003,2018_1984790__event_003,2018_1984790__event_003,2018_1984790__event_003,-4,-3,-6
tokyo_115855_semantic,115855,semantic,2018_1984781__event_001,True,1,4,2,8,4,1.0000000000,0.2500000000,0.5000000000,0.1250000000,0.2500000000,2018_1984781__event_001,2018_1984800__event_002,2018_1984800__event_002,2018_1984790__event_002,2018_1984790__event_002,-3,-2,-4
tokyo_115855_temporal_spatial,115855,temporal_spatial,2018_1984792__event_001,True,1,1,1,3,1,1.0000000000,1.0000000000,1.0000000000,0.3333333333,1.0000000000,2018_1984792__event_001,2018_1984792__event_001,2018_1984792__event_001,2018_1984790__event_002,2018_1984792__event_001,0,0,-2
tokyo_1172_relational_after,1172,relational_after,2018_23942__event_003,True,1,4,2,16,5,1.0000000000,0.2500000000,0.5000000000,0.0625000000,0.2000000000,2018_23942__event_003,2018_23942__event_002,2018_23942__event_002,2018_23942__event_002,2018_23942__event_002,-4,-3,-12
tokyo_1172_semantic,1172,semantic,2018_23905__event_001,True,1,1,1,14,2,1.0000000000,1.0000000000,1.0000000000,0.0714285714,0.5000000000,2018_23905__event_001,2018_23905__event_001,2018_23905__event_001,2018_23883__event_002,2018_23883__event_002,-1,-1,-13
tokyo_1172_temporal_spatial,1172,temporal_spatial,2018_23928__event_002,True,2,3,3,15,4,0.5000000000,0.3333333333,0.3333333333,0.0666666667,0.2500000000,2018_23894__event_002,2018_23931__event_001,2018_23894__event_002,2018_23879__event_002,2018_23879__event_002,-2,-1,-12
tokyo_119597_relational_after,119597,relational_after,2018_2023466__event_003,True,3,3,3,10,4,0.3333333333,0.3333333333,0.3333333333,0.1000000000,0.2500000000,2018_2023466__event_002,2018_2023466__event_002,2018_2023466__event_002,2018_2023466__event_002,2018_2023466__event_002,-1,-1,-7
tokyo_119597_semantic,119597,semantic,2018_2023491__event_002,True,1,1,1,8,1,1.0000000000,1.0000000000,1.0000000000,0.1250000000,1.0000000000,2018_2023491__event_002,2018_2023491__event_002,2018_2023491__event_002,2018_2023460__event_002,2018_2023491__event_002,0,0,-7
tokyo_119597_temporal_spatial,119597,temporal_spatial,2018_2023484__event_001,True,3,4,4,32,15,0.3333333333,0.2500000000,0.2500000000,0.0312500000,0.0666666667,2018_2023484__event_004,2018_2023484__event_004,2018_2023484__event_004,2018_2023460__event_002,2018_2023484__event_004,-12,-11,-28
tokyo_121554_relational_after,121554,relational_after,2018_2047595__event_002,True,3,3,3,6,5,0.3333333333,0.3333333333,0.3333333333,0.1666666667,0.2000000000,2018_2047595__event_001,2018_2047595__event_001,2018_2047595__event_001,2018_2047609__event_002,2018_2047595__event_001,-2,-2,-3
tokyo_121554_semantic,121554,semantic,2018_2047617__event_001,True,1,1,1,6,2,1.0000000000,1.0000000000,1.0000000000,0.1666666667,0.5000000000,2018_2047617__event_001,2018_2047617__event_001,2018_2047617__event_001,2018_2047606__event_004,2018_2047606__event_004,-1,-1,-5
tokyo_121554_temporal_spatial,121554,temporal_spatial,2018_2047610__event_001,True,2,2,2,6,2,0.5000000000,0.5000000000,0.5000000000,0.1666666667,0.5000000000,2018_2047595__event_001,2018_2047595__event_001,2018_2047595__event_001,2018_2047606__event_002,2018_2047595__event_001,0,0,-4
tokyo_126183_relational_after,126183,relational_after,2018_2118390__event_003,True,3,4,4,16,4,0.3333333333,0.2500000000,0.2500000000,0.0625000000,0.2500000000,2018_2118382__event_003,2018_2118390__event_002,2018_2118382__event_003,2018_2118390__event_002,2018_2118390__event_002,-1,0,-12
tokyo_126183_semantic,126183,semantic,2018_2118349__event_002,True,1,1,1,27,7,1.0000000000,1.0000000000,1.0000000000,0.0370370370,0.1428571429,2018_2118349__event_002,2018_2118349__event_002,2018_2118349__event_002,2018_2118382__event_002,2018_2118370__event_002,-6,-6,-26
tokyo_126183_temporal_spatial,126183,temporal_spatial,2018_2118370__event_003,True,2,3,3,43,14,0.5000000000,0.3333333333,0.3333333333,0.0232558140,0.0714285714,2018_2118374__event_002,2018_2118364__event_002,2018_2118374__event_002,2018_2118387__event_002,2018_2118387__event_002,-12,-11,-40
tokyo_127201_relational_after,127201,relational_after,2018_2134912__event_003,True,3,2,2,9,5,0.3333333333,0.5000000000,0.5000000000,0.1111111111,0.2000000000,2018_2134912__event_002,2018_2134912__event_002,2018_2134912__event_002,2018_2134912__event_002,2018_2134912__event_002,-2,-3,-7
tokyo_127201_semantic,127201,semantic,2018_2134917__event_001,True,1,1,1,8,2,1.0000000000,1.0000000000,1.0000000000,0.1250000000,0.5000000000,2018_2134917__event_001,2018_2134917__event_001,2018_2134917__event_001,2018_2134939__event_002,2018_2134938__event_002,-1,-1,-7
tokyo_127201_temporal_spatial,127201,temporal_spatial,2018_2134912__event_002,True,1,2,1,1,1,1.0000000000,0.5000000000,1.0000000000,1.0000000000,1.0000000000,2018_2134912__event_002,2018_2134938__event_005,2018_2134912__event_002,2018_2134912__event_002,2018_2134912__event_002,0,0,1
tokyo_129047_relational_after,129047,relational_after,2018_2163684__event_002,True,2,2,2,3,2,0.5000000000,0.5000000000,0.5000000000,0.3333333333,0.5000000000,2018_2163684__event_001,2018_2163684__event_001,2018_2163684__event_001,2018_2163670__event_002,2018_2163684__event_001,0,0,-1
tokyo_129047_semantic,129047,semantic,2018_2163670__event_002,True,1,1,1,1,1,1.0000000000,1.0000000000,1.0000000000,1.0000000000,1.0000000000,2018_2163670__event_002,2018_2163670__event_002,2018_2163670__event_002,2018_2163670__event_002,2018_2163670__event_002,0,0,0
tokyo_129047_temporal_spatial,129047,temporal_spatial,2018_2163670__event_002,True,2,1,1,1,1,0.5000000000,1.0000000000,1.0000000000,1.0000000000,1.0000000000,2018_2163670__event_003,2018_2163670__event_002,2018_2163670__event_002,2018_2163670__event_002,2018_2163670__event_002,1,0,0
tokyo_130084_relational_after,130084,relational_after,2018_2179339__event_002,True,3,4,4,10,2,0.3333333333,0.2500000000,0.2500000000,0.1000000000,0.5000000000,2018_2179339__event_001,2018_2179339__event_001,2018_2179339__event_001,2018_2179306__event_002,2018_2179339__event_001,1,2,-6
tokyo_130084_semantic,130084,semantic,2018_2179333__event_001,True,1,3,2,46,10,1.0000000000,0.3333333333,0.5000000000,0.0217391304,0.1000000000,2018_2179333__event_001,2018_2179323__event_002,2018_2179323__event_002,2018_2179333__event_002,2018_2179333__event_002,-9,-8,-43
tokyo_130084_temporal_spatial,130084,temporal_spatial,2018_2179329__event_003,True,1,4,2,66,21,1.0000000000,0.2500000000,0.5000000000,0.0151515152,0.0476190476,2018_2179329__event_003,2018_2179310__event_002,2018_2179310__event_002,2018_2179333__event_002,2018_2179333__event_002,-20,-19,-62
tokyo_130568_relational_after,130568,relational_after,2018_2187169__event_002,True,2,2,2,14,5,0.5000000000,0.5000000000,0.5000000000,0.0714285714,0.2000000000,2018_2187169__event_001,2018_2187169__event_001,2018_2187169__event_001,2018_2187162__event_002,2018_2187173__event_002,-3,-3,-12
tokyo_130568_semantic,130568,semantic,2018_2187171__event_001,True,1,2,1,22,6,1.0000000000,0.5000000000,1.0000000000,0.0454545455,0.1666666667,2018_2187171__event_001,2018_2187166__event_002,2018_2187171__event_001,2018_2187170__event_002,2018_2187173__event_006,-5,-5,-20
tokyo_130568_temporal_spatial,130568,temporal_spatial,2018_2187162__event_001,True,2,5,3,19,4,0.5000000000,0.2000000000,0.3333333333,0.0526315789,0.2500000000,2018_2187173__event_005,2018_2187163__event_001,2018_2187173__event_005,2018_2187162__event_002,2018_2187173__event_005,-2,-1,-14
tokyo_130777_relational_after,130777,relational_after,2018_2190768__event_003,True,3,2,2,4,2,0.3333333333,0.5000000000,0.5000000000,0.2500000000,0.5000000000,2018_2190768__event_002,2018_2190768__event_002,2018_2190768__event_002,2018_2190768__event_002,2018_2190768__event_002,1,0,-2
tokyo_130777_semantic,130777,semantic,2018_2190763__event_002,True,1,3,2,7,1,1.0000000000,0.3333333333,0.5000000000,0.1428571429,1.0000000000,2018_2190763__event_002,2018_2190702__event_001,2018_2190702__event_001,2018_2190703__event_002,2018_2190763__event_002,0,1,-4
tokyo_130777_temporal_spatial,130777,temporal_spatial,2018_2190703__event_002,True,3,3,3,1,1,0.3333333333,0.3333333333,0.3333333333,1.0000000000,1.0000000000,2018_2190702__event_001,2018_2190702__event_002,2018_2190702__event_001,2018_2190703__event_002,2018_2190703__event_002,2,2,2
tokyo_130872_relational_after,130872,relational_after,2018_2192457__event_003,True,5,5,5,21,13,0.2000000000,0.2000000000,0.2000000000,0.0476190476,0.0769230769,2018_2192458__event_001,2018_2192458__event_001,2018_2192458__event_001,2018_2192442__event_002,2018_2192458__event_001,-8,-8,-16
tokyo_130872_semantic,130872,semantic,2018_2192451__event_003,True,1,4,2,22,9,1.0000000000,0.2500000000,0.5000000000,0.0454545455,0.1111111111,2018_2192451__event_003,2018_2192476__event_001,2018_2192476__event_001,2018_2192451__event_002,2018_2192464__event_002,-8,-7,-18
tokyo_130872_temporal_spatial,130872,temporal_spatial,2018_2192476__event_001,True,1,1,1,7,1,1.0000000000,1.0000000000,1.0000000000,0.1428571429,1.0000000000,2018_2192476__event_001,2018_2192476__event_001,2018_2192476__event_001,2018_2192451__event_002,2018_2192476__event_001,0,0,-6
tokyo_131525_relational_after,131525,relational_after,2018_2202067__event_002,True,1,2,2,6,1,1.0000000000,0.5000000000,0.5000000000,0.1666666667,1.0000000000,2018_2202067__event_002,2018_2202067__event_001,2018_2202067__event_001,2018_2202065__event_002,2018_2202067__event_002,0,1,-4
tokyo_131525_semantic,131525,semantic,2018_2202078__event_002,True,1,1,1,12,4,1.0000000000,1.0000000000,1.0000000000,0.0833333333,0.2500000000,2018_2202078__event_002,2018_2202078__event_002,2018_2202078__event_002,2018_2202065__event_002,2018_2202086__event_002,-3,-3,-11
tokyo_131525_temporal_spatial,131525,temporal_spatial,2018_2202069__event_002,True,1,1,1,11,3,1.0000000000,1.0000000000,1.0000000000,0.0909090909,0.3333333333,2018_2202069__event_002,2018_2202069__event_002,2018_2202069__event_002,2018_2202071__event_002,2018_2202084__event_001,-2,-2,-10
tokyo_132723_relational_after,132723,relational_after,2018_2219866__event_002,True,1,1,1,6,2,1.0000000000,1.0000000000,1.0000000000,0.1666666667,0.5000000000,2018_2219866__event_002,2018_2219866__event_002,2018_2219866__event_002,2018_2219917__event_002,2018_2219917__event_002,-1,-1,-5
tokyo_132723_semantic,132723,semantic,2018_2219917__event_003,True,3,5,4,41,17,0.3333333333,0.2000000000,0.2500000000,0.0243902439,0.0588235294,2018_2219906__event_002,2018_2219906__event_002,2018_2219906__event_002,2018_2219895__event_002,2018_2219867__event_002,-14,-13,-36
tokyo_132723_temporal_spatial,132723,temporal_spatial,2018_2219915__event_001,True,3,4,4,7,3,0.3333333333,0.2500000000,0.2500000000,0.1428571429,0.3333333333,2018_2219904__event_002,2018_2219903__event_002,2018_2219903__event_002,2018_2219897__event_002,2018_2219904__event_002,0,1,-3
tokyo_134307_relational_after,134307,relational_after,2018_2242042__event_002,True,4,4,4,5,5,0.2500000000,0.2500000000,0.2500000000,0.2000000000,0.2000000000,2018_2242033__event_003,2018_2242033__event_002,2018_2242033__event_002,2018_2242033__event_002,2018_2242033__event_002,-1,-1,-1
tokyo_134307_semantic,134307,semantic,2018_2242051__event_003,True,1,4,2,14,6,1.0000000000,0.2500000000,0.5000000000,0.0714285714,0.1666666667,2018_2242051__event_003,2018_2242026__event_002,2018_2242026__event_002,2018_2242051__event_002,2018_2242026__event_002,-5,-4,-10
tokyo_134307_temporal_spatial,134307,temporal_spatial,2018_2242038__event_002,True,1,1,1,3,1,1.0000000000,1.0000000000,1.0000000000,0.3333333333,1.0000000000,2018_2242038__event_002,2018_2242038__event_002,2018_2242038__event_002,2018_2242033__event_002,2018_2242038__event_002,0,0,-2
tokyo_135393_relational_after,135393,relational_after,2018_2257260__event_002,True,4,1,2,18,7,0.2500000000,1.0000000000,0.5000000000,0.0555555556,0.1428571429,2018_2257268__event_001,2018_2257260__event_002,2018_2257268__event_001,2018_2257274__event_002,2018_2257274__event_002,-3,-5,-17
tokyo_135393_semantic,135393,semantic,2018_2257280__event_002,False,14,41,25,29,22,0.0714285714,0.0243902439,0.0400000000,0.0344827586,0.0454545455,2018_2257283__event_003,2018_2257283__event_003,2018_2257283__event_003,2018_2257274__event_002,2018_2257283__event_003,-8,3,12
tokyo_135393_temporal_spatial,135393,temporal_spatial,2018_2257283__event_004,True,1,1,1,20,6,1.0000000000,1.0000000000,1.0000000000,0.0500000000,0.1666666667,2018_2257283__event_004,2018_2257283__event_004,2018_2257283__event_004,2018_2257283__event_002,2018_2257283__event_002,-5,-5,-19
tokyo_138301_relational_after,138301,relational_after,2018_2294104__event_003,True,2,2,2,2,2,0.5000000000,0.5000000000,0.5000000000,0.5000000000,0.5000000000,2018_2294104__event_002,2018_2294104__event_002,2018_2294104__event_002,2018_2294104__event_002,2018_2294104__event_002,0,0,0
tokyo_138301_semantic,138301,semantic,2018_2294095__event_002,True,1,1,1,8,1,1.0000000000,1.0000000000,1.0000000000,0.1250000000,1.0000000000,2018_2294095__event_002,2018_2294095__event_002,2018_2294095__event_002,2018_2294109__event_002,2018_2294095__event_002,0,0,-7
tokyo_138301_temporal_spatial,138301,temporal_spatial,2018_2294117__event_001,True,1,1,1,8,2,1.0000000000,1.0000000000,1.0000000000,0.1250000000,0.5000000000,2018_2294117__event_001,2018_2294117__event_001,2018_2294117__event_001,2018_2294109__event_002,2018_2294113__event_003,-1,-1,-7
tokyo_139656_relational_after,139656,relational_after,2018_2308851__event_002,True,2,1,2,1,1,0.5000000000,1.0000000000,0.5000000000,1.0000000000,1.0000000000,2018_2308851__event_001,2018_2308851__event_002,2018_2308851__event_001,2018_2308851__event_002,2018_2308851__event_002,1,1,0
tokyo_139656_semantic,139656,semantic,2018_2308863__event_002,True,1,1,1,2,1,1.0000000000,1.0000000000,1.0000000000,0.5000000000,1.0000000000,2018_2308863__event_002,2018_2308863__event_002,2018_2308863__event_002,2018_2308851__event_002,2018_2308863__event_002,0,0,-1
tokyo_139656_temporal_spatial,139656,temporal_spatial,2018_2308851__event_001,False,15,11,11,53,31,0.0666666667,0.0909090909,0.0909090909,0.0188679245,0.0322580645,2018_2308846__event_002,2018_2308846__event_002,2018_2308846__event_002,2018_2308851__event_002,2018_2308846__event_002,-16,-20,-42
tokyo_140734_relational_after,140734,relational_after,2018_2320244__event_002,True,1,1,1,3,1,1.0000000000,1.0000000000,1.0000000000,0.3333333333,1.0000000000,2018_2320244__event_002,2018_2320244__event_002,2018_2320244__event_002,2018_2320253__event_003,2018_2320244__event_002,0,0,-2
tokyo_140734_semantic,140734,semantic,2018_2320266__event_001,True,3,3,3,5,3,0.3333333333,0.3333333333,0.3333333333,0.2000000000,0.3333333333,2018_2320244__event_001,2018_2320244__event_001,2018_2320244__event_001,2018_2320253__event_003,2018_2320244__event_001,0,0,-2
tokyo_140734_temporal_spatial,140734,temporal_spatial,2018_2320253__event_004,True,1,2,1,9,4,1.0000000000,0.5000000000,1.0000000000,0.1111111111,0.2500000000,2018_2320253__event_004,2018_2320253__event_003,2018_2320253__event_004,2018_2320253__event_003,2018_2320253__event_003,-3,-3,-7
tokyo_140775_relational_after,140775,relational_after,2018_2320657__event_002,True,1,1,1,4,1,1.0000000000,1.0000000000,1.0000000000,0.2500000000,1.0000000000,2018_2320657__event_002,2018_2320657__event_002,2018_2320657__event_002,2018_2320634__event_002,2018_2320657__event_002,0,0,-3
tokyo_140775_semantic,140775,semantic,2018_2320660__event_002,True,4,3,4,8,5,0.2500000000,0.3333333333,0.2500000000,0.1250000000,0.2000000000,2018_2320660__event_001,2018_2320666__event_001,2018_2320666__event_001,2018_2320646__event_002,2018_2320660__event_001,-1,-1,-5
tokyo_140775_temporal_spatial,140775,temporal_spatial,2018_2320655__event_001,True,1,1,1,4,1,1.0000000000,1.0000000000,1.0000000000,0.2500000000,1.0000000000,2018_2320655__event_001,2018_2320655__event_001,2018_2320655__event_001,2018_2320634__event_002,2018_2320655__event_001,0,0,-3
tokyo_149225_relational_after,149225,relational_after,2018_2402537__event_002,True,4,5,5,1,2,0.2500000000,0.2000000000,0.2000000000,1.0000000000,0.5000000000,2018_2402528__event_001,2018_2402528__event_001,2018_2402528__event_001,2018_2402537__event_002,2018_2402528__event_001,2,3,4
tokyo_149225_semantic,149225,semantic,2018_2402517__event_002,True,1,1,1,1,1,1.0000000000,1.0000000000,1.0000000000,1.0000000000,1.0000000000,2018_2402517__event_002,2018_2402517__event_002,2018_2402517__event_002,2018_2402517__event_002,2018_2402517__event_002,0,0,0
tokyo_149225_temporal_spatial,149225,temporal_spatial,2018_2402529__event_002,True,2,2,2,4,2,0.5000000000,0.5000000000,0.5000000000,0.2500000000,0.5000000000,2018_2402533__event_002,2018_2402533__event_002,2018_2402533__event_002,2018_2402517__event_002,2018_2402533__event_002,0,0,-2
tokyo_152722_relational_after,152722,relational_after,2018_2446506__event_002,True,1,3,1,7,1,1.0000000000,0.3333333333,1.0000000000,0.1428571429,1.0000000000,2018_2446506__event_002,2018_2446527__event_001,2018_2446506__event_002,2018_2446525__event_002,2018_2446506__event_002,0,0,-4
tokyo_152722_semantic,152722,semantic,2018_2446517__event_003,True,1,4,2,24,8,1.0000000000,0.2500000000,0.5000000000,0.0416666667,0.1250000000,2018_2446517__event_003,2018_2446506__event_001,2018_2446506__event_001,2018_2446517__event_002,2018_2446517__event_002,-7,-6,-20
tokyo_152722_temporal_spatial,152722,temporal_spatial,2018_2446517__event_003,True,1,4,2,21,5,1.0000000000,0.2500000000,0.5000000000,0.0476190476,0.2000000000,2018_2446517__event_003,2018_2446506__event_001,2018_2446506__event_001,2018_2446517__event_002,2018_2446517__event_002,-4,-3,-17
tokyo_156873_relational_after,156873,relational_after,2018_2498120__event_002,True,1,2,2,19,2,1.0000000000,0.5000000000,0.5000000000,0.0526315789,0.5000000000,2018_2498120__event_002,2018_2498120__event_001,2018_2498120__event_001,2018_2498143__event_002,2018_2498143__event_002,-1,0,-17
tokyo_156873_semantic,156873,semantic,2018_2498146__event_002,True,1,1,1,22,2,1.0000000000,1.0000000000,1.0000000000,0.0454545455,0.5000000000,2018_2498146__event_002,2018_2498146__event_002,2018_2498146__event_002,2018_2498147__event_002,2018_2498135__event_002,-1,-1,-21
tokyo_156873_temporal_spatial,156873,temporal_spatial,2018_2498138__event_001,True,1,1,1,32,5,1.0000000000,1.0000000000,1.0000000000,0.0312500000,0.2000000000,2018_2498138__event_001,2018_2498138__event_001,2018_2498138__event_001,2018_2498143__event_002,2018_2498143__event_002,-4,-4,-31
tokyo_167728_relational_after,167728,relational_after,2018_2604406__event_002,True,1,1,1,13,3,1.0000000000,1.0000000000,1.0000000000,0.0769230769,0.3333333333,2018_2604406__event_002,2018_2604406__event_002,2018_2604406__event_002,2018_2604352__event_003,2018_2604352__event_003,-2,-2,-12
tokyo_167728_semantic,167728,semantic,2018_2604362__event_001,True,1,2,2,19,5,1.0000000000,0.5000000000,0.5000000000,0.0526315789,0.2000000000,2018_2604362__event_001,2018_2604345__event_002,2018_2604345__event_002,2018_2604349__event_002,2018_2604362__event_002,-4,-3,-17
tokyo_167728_temporal_spatial,167728,temporal_spatial,2018_2604345__event_001,True,1,1,1,16,4,1.0000000000,1.0000000000,1.0000000000,0.0625000000,0.2500000000,2018_2604345__event_001,2018_2604345__event_001,2018_2604345__event_001,2018_2604349__event_002,2018_2604362__event_002,-3,-3,-15
tokyo_169053_relational_after,169053,relational_after,2018_2620302__event_002,True,2,3,2,2,2,0.5000000000,0.3333333333,0.5000000000,0.5000000000,0.5000000000,2018_2620268__event_001,2018_2620268__event_001,2018_2620268__event_001,2018_2620285__event_002,2018_2620285__event_002,0,0,1
tokyo_169053_semantic,169053,semantic,2018_2620254__event_001,True,1,1,1,4,1,1.0000000000,1.0000000000,1.0000000000,0.2500000000,1.0000000000,2018_2620254__event_001,2018_2620254__event_001,2018_2620254__event_001,2018_2620302__event_002,2018_2620254__event_001,0,0,-3
tokyo_169053_temporal_spatial,169053,temporal_spatial,2018_2620302__event_004,True,1,2,1,17,9,1.0000000000,0.5000000000,1.0000000000,0.0588235294,0.1111111111,2018_2620302__event_004,2018_2620302__event_003,2018_2620302__event_004,2018_2620285__event_002,2018_2620302__event_003,-8,-8,-15
tokyo_171659_relational_after,171659,relational_after,2018_2647177__event_004,True,1,2,2,5,3,1.0000000000,0.5000000000,0.5000000000,0.2000000000,0.3333333333,2018_2647177__event_004,2018_2647177__event_003,2018_2647177__event_003,2018_2647177__event_003,2018_2647177__event_003,-2,-1,-3
tokyo_171659_semantic,171659,semantic,2018_2647186__event_001,True,1,2,1,13,3,1.0000000000,0.5000000000,1.0000000000,0.0769230769,0.3333333333,2018_2647186__event_001,2018_2647186__event_002,2018_2647186__event_001,2018_2647186__event_002,2018_2647186__event_002,-2,-2,-11
tokyo_171659_temporal_spatial,171659,temporal_spatial,2018_2647196__event_002,True,3,1,1,5,2,0.3333333333,1.0000000000,1.0000000000,0.2000000000,0.5000000000,2018_2647199__event_002,2018_2647196__event_002,2018_2647196__event_002,2018_2647182__event_002,2018_2647182__event_002,1,-1,-4
tokyo_178798_relational_after,178798,relational_after,2018_2707923__event_002,True,2,2,2,3,3,0.5000000000,0.5000000000,0.5000000000,0.3333333333,0.3333333333,2018_2707923__event_001,2018_2707923__event_001,2018_2707923__event_001,2018_2707932__event_002,2018_2707923__event_001,-1,-1,-1
tokyo_178798_semantic,178798,semantic,2018_2707928__event_001,True,1,1,1,3,1,1.0000000000,1.0000000000,1.0000000000,0.3333333333,1.0000000000,2018_2707928__event_001,2018_2707928__event_001,2018_2707928__event_001,2018_2707932__event_002,2018_2707928__event_001,0,0,-2
tokyo_178798_temporal_spatial,178798,temporal_spatial,2018_2707945__event_002,True,3,1,2,3,2,0.3333333333,1.0000000000,0.5000000000,0.3333333333,0.5000000000,2018_2707928__event_002,2018_2707945__event_002,2018_2707928__event_002,2018_2707932__event_002,2018_2707928__event_002,1,0,-2
tokyo_19379_relational_after,19379,relational_after,2018_395480__event_002,True,1,3,2,5,1,1.0000000000,0.3333333333,0.5000000000,0.2000000000,1.0000000000,2018_395480__event_002,2018_395480__event_001,2018_395480__event_001,2018_395325__event_002,2018_395480__event_002,0,1,-2
tokyo_19379_semantic,19379,semantic,2018_395327__event_001,True,1,1,1,18,5,1.0000000000,1.0000000000,1.0000000000,0.0555555556,0.2000000000,2018_395327__event_001,2018_395327__event_001,2018_395327__event_001,2018_395325__event_002,2018_395404__event_002,-4,-4,-17
tokyo_19379_temporal_spatial,19379,temporal_spatial,2018_395294__event_001,True,5,4,4,9,5,0.2000000000,0.2500000000,0.2500000000,0.1111111111,0.2000000000,2018_395452__event_002,2018_395452__event_002,2018_395452__event_002,2018_395374__event_002,2018_395452__event_002,0,-1,-5
tokyo_210254_relational_after,210254,relational_after,2018_2949678__event_002,True,2,1,2,4,2,0.5000000000,1.0000000000,0.5000000000,0.2500000000,0.5000000000,2018_2949678__event_001,2018_2949678__event_002,2018_2949678__event_001,2018_2949690__event_002,2018_2949678__event_001,0,0,-3
tokyo_210254_semantic,210254,semantic,2018_2949690__event_002,True,1,5,2,1,1,1.0000000000,0.2000000000,0.5000000000,1.0000000000,1.0000000000,2018_2949690__event_002,2018_2949696__event_002,2018_2949696__event_003,2018_2949690__event_002,2018_2949690__event_002,0,1,4
tokyo_210254_temporal_spatial,210254,temporal_spatial,2018_2949696__event_002,True,1,3,2,1,1,1.0000000000,0.3333333333,0.5000000000,1.0000000000,1.0000000000,2018_2949696__event_002,2018_2949693__event_002,2018_2949693__event_002,2018_2949696__event_002,2018_2949696__event_002,0,1,2
tokyo_223807_relational_after,223807,relational_after,2018_3045880__event_002,True,1,1,1,5,2,1.0000000000,1.0000000000,1.0000000000,0.2000000000,0.5000000000,2018_3045880__event_002,2018_3045880__event_002,2018_3045880__event_002,2018_3045879__event_003,2018_3045879__event_003,-1,-1,-4
tokyo_223807_semantic,223807,semantic,2018_3045890__event_001,True,2,4,3,12,4,0.5000000000,0.2500000000,0.3333333333,0.0833333333,0.2500000000,2018_3045900__event_001,2018_3045900__event_002,2018_3045900__event_001,2018_3045878__event_002,2018_3045895__event_001,-2,-1,-8
tokyo_223807_temporal_spatial,223807,temporal_spatial,2018_3045877__event_001,True,5,4,5,6,5,0.2000000000,0.2500000000,0.2000000000,0.1666666667,0.2000000000,2018_3045890__event_002,2018_3045888__event_002,2018_3045888__event_002,2018_3045878__event_002,2018_3045888__event_002,0,0,-2
tokyo_2309_relational_after,2309,relational_after,2018_50057__event_002,True,1,1,1,1,1,1.0000000000,1.0000000000,1.0000000000,1.0000000000,1.0000000000,2018_50057__event_002,2018_50057__event_002,2018_50057__event_002,2018_50057__event_002,2018_50057__event_002,0,0,0
tokyo_2309_semantic,2309,semantic,2018_50056__event_002,True,1,5,4,7,3,1.0000000000,0.2000000000,0.2500000000,0.1428571429,0.3333333333,2018_50056__event_002,2018_50033__event_002,2018_50035__event_003,2018_50033__event_002,2018_50033__event_002,-2,1,-2
tokyo_2309_temporal_spatial,2309,temporal_spatial,2018_50060__event_002,True,1,1,1,10,2,1.0000000000,1.0000000000,1.0000000000,0.1000000000,0.5000000000,2018_50060__event_002,2018_50060__event_002,2018_50060__event_002,2018_50033__event_002,2018_50051__event_002,-1,-1,-9
tokyo_23925_relational_after,23925,relational_after,2018_485898__event_002,True,2,2,2,6,3,0.5000000000,0.5000000000,0.5000000000,0.1666666667,0.3333333333,2018_485898__event_001,2018_485898__event_001,2018_485898__event_001,2018_485933__event_002,2018_485933__event_002,-1,-1,-4
tokyo_23925_semantic,23925,semantic,2018_485892__event_002,True,1,1,1,7,2,1.0000000000,1.0000000000,1.0000000000,0.1428571429,0.5000000000,2018_485892__event_002,2018_485892__event_002,2018_485892__event_002,2018_485933__event_002,2018_485933__event_002,-1,-1,-6
tokyo_23925_temporal_spatial,23925,temporal_spatial,2018_485898__event_002,True,1,2,2,6,1,1.0000000000,0.5000000000,0.5000000000,0.1666666667,1.0000000000,2018_485898__event_002,2018_485892__event_002,2018_485892__event_002,2018_485887__event_002,2018_485898__event_002,0,1,-4
tokyo_24620_relational_after,24620,relational_after,2018_500321__event_002,False,23,6,9,28,31,0.0434782609,0.1666666667,0.1111111111,0.0357142857,0.0322580645,2018_500321__event_001,2018_500321__event_001,2018_500321__event_001,2018_500318__event_002,2018_500318__event_002,-8,-22,-22
tokyo_24620_temporal_spatial,24620,temporal_spatial,2018_500374__event_002,True,1,1,1,25,5,1.0000000000,1.0000000000,1.0000000000,0.0400000000,0.2000000000,2018_500374__event_002,2018_500374__event_002,2018_500374__event_002,2018_500367__event_002,2018_500367__event_002,-4,-4,-24
tokyo_24664_relational_after,24664,relational_after,2018_501939__event_007,True,1,2,2,1,1,1.0000000000,0.5000000000,0.5000000000,1.0000000000,1.0000000000,2018_501939__event_007,2018_501939__event_006,2018_501939__event_006,2018_501939__event_007,2018_501939__event_007,0,1,1
tokyo_24664_semantic,24664,semantic,2018_501969__event_001,True,5,5,5,25,8,0.2000000000,0.2000000000,0.2000000000,0.0400000000,0.1250000000,2018_501938__event_002,2018_501939__event_008,2018_501939__event_008,2018_501939__event_008,2018_501939__event_008,-3,-3,-20
tokyo_24664_temporal_spatial,24664,temporal_spatial,2018_501965__event_001,False,17,25,17,37,26,0.0588235294,0.0400000000,0.0588235294,0.0270270270,0.0384615385,2018_501939__event_008,2018_501939__event_008,2018_501939__event_008,2018_501939__event_008,2018_501939__event_008,-9,-9,-12
tokyo_24765_relational_after,24765,relational_after,2018_504026__event_003,True,2,2,2,13,4,0.5000000000,0.5000000000,0.5000000000,0.0769230769,0.2500000000,2018_504026__event_002,2018_504026__event_002,2018_504026__event_002,2018_504026__event_002,2018_504026__event_002,-2,-2,-11
tokyo_24765_semantic,24765,semantic,2018_504006__event_002,True,1,3,1,6,1,1.0000000000,0.3333333333,1.0000000000,0.1666666667,1.0000000000,2018_504006__event_002,2018_504025__event_001,2018_504006__event_002,2018_504023__event_002,2018_504006__event_002,0,0,-3
tokyo_24765_temporal_spatial,24765,temporal_spatial,2018_504023__event_002,True,2,1,1,1,1,0.5000000000,1.0000000000,1.0000000000,1.0000000000,1.0000000000,2018_504028__event_002,2018_504023__event_002,2018_504023__event_002,2018_504023__event_002,2018_504023__event_002,1,0,0
tokyo_254908_relational_after,254908,relational_after,2018_3245104__event_003,True,5,2,3,12,7,0.2000000000,0.5000000000,0.3333333333,0.0833333333,0.1428571429,2018_3245115__event_003,2018_3245104__event_002,2018_3245104__event_002,2018_3245104__event_002,2018_3245115__event_003,-2,-4,-10
tokyo_254908_semantic,254908,semantic,2018_3245120__event_003,True,1,4,3,1,1,1.0000000000,0.2500000000,0.3333333333,1.0000000000,1.0000000000,2018_3245120__event_003,2018_3245120__event_004,2018_3245120__event_004,2018_3245120__event_003,2018_3245120__event_003,0,2,3
tokyo_254908_temporal_spatial,254908,temporal_spatial,2018_3245121__event_001,True,1,1,1,10,2,1.0000000000,1.0000000000,1.0000000000,0.1000000000,0.5000000000,2018_3245121__event_001,2018_3245121__event_001,2018_3245121__event_001,2018_3245115__event_003,2018_3245120__event_002,-1,-1,-9
tokyo_259163_relational_after,259163,relational_after,2018_3271980__event_002,False,13,20,14,17,17,0.0769230769,0.0500000000,0.0714285714,0.0588235294,0.0588235294,2018_3271945__event_003,2018_3271951__event_002,2018_3271951__event_002,2018_3271945__event_002,2018_3271951__event_002,-4,-3,3
tokyo_259163_semantic,259163,semantic,2018_3271983__event_001,True,1,2,1,9,3,1.0000000000,0.5000000000,1.0000000000,0.1111111111,0.3333333333,2018_3271983__event_001,2018_3271983__event_002,2018_3271983__event_001,2018_3271974__event_002,2018_3271983__event_002,-2,-2,-7
tokyo_259163_temporal_spatial,259163,temporal_spatial,2018_3271977__event_002,True,1,1,1,1,1,1.0000000000,1.0000000000,1.0000000000,1.0000000000,1.0000000000,2018_3271977__event_002,2018_3271977__event_002,2018_3271977__event_002,2018_3271977__event_002,2018_3271977__event_002,0,0,0
tokyo_263152_relational_after,263152,relational_after,2018_3295464__event_002,True,2,2,2,5,3,0.5000000000,0.5000000000,0.5000000000,0.2000000000,0.3333333333,2018_3295464__event_001,2018_3295464__event_001,2018_3295464__event_001,2018_3295444__event_002,2018_3295464__event_001,-1,-1,-3
tokyo_263152_semantic,263152,semantic,2018_3295456__event_002,True,1,3,2,1,1,1.0000000000,0.3333333333,0.5000000000,1.0000000000,1.0000000000,2018_3295456__event_002,2018_3295464__event_002,2018_3295464__event_002,2018_3295456__event_002,2018_3295456__event_002,0,1,2
tokyo_263152_temporal_spatial,263152,temporal_spatial,2018_3295464__event_002,True,1,1,1,4,2,1.0000000000,1.0000000000,1.0000000000,0.2500000000,0.5000000000,2018_3295464__event_002,2018_3295464__event_002,2018_3295464__event_002,2018_3295456__event_002,2018_3295456__event_002,-1,-1,-3
tokyo_264627_relational_after,264627,relational_after,2018_3303923__event_002,True,1,1,1,1,1,1.0000000000,1.0000000000,1.0000000000,1.0000000000,1.0000000000,2018_3303923__event_002,2018_3303923__event_002,2018_3303923__event_002,2018_3303923__event_002,2018_3303923__event_002,0,0,0
tokyo_264627_semantic,264627,semantic,2018_3303898__event_002,True,1,1,1,12,1,1.0000000000,1.0000000000,1.0000000000,0.0833333333,1.0000000000,2018_3303898__event_002,2018_3303898__event_002,2018_3303898__event_002,2018_3303916__event_002,2018_3303898__event_002,0,0,-11
tokyo_264627_temporal_spatial,264627,temporal_spatial,2018_3303892__event_002,True,1,1,1,15,4,1.0000000000,1.0000000000,1.0000000000,0.0666666667,0.2500000000,2018_3303892__event_002,2018_3303892__event_002,2018_3303892__event_002,2018_3303916__event_002,2018_3303886__event_002,-3,-3,-14
tokyo_267704_relational_after,267704,relational_after,2018_3322363__event_002,True,1,1,1,1,1,1.0000000000,1.0000000000,1.0000000000,1.0000000000,1.0000000000,2018_3322363__event_002,2018_3322363__event_002,2018_3322363__event_002,2018_3322363__event_002,2018_3322363__event_002,0,0,0
tokyo_267704_semantic,267704,semantic,2018_3322366__event_001,True,1,3,1,37,12,1.0000000000,0.3333333333,1.0000000000,0.0270270270,0.0833333333,2018_3322366__event_001,2018_3322364__event_005,2018_3322366__event_001,2018_3322358__event_002,2018_3322358__event_002,-11,-11,-34
tokyo_267704_temporal_spatial,267704,temporal_spatial,2018_3322359__event_005,True,1,1,1,11,3,1.0000000000,1.0000000000,1.0000000000,0.0909090909,0.3333333333,2018_3322359__event_005,2018_3322359__event_005,2018_3322359__event_005,2018_3322358__event_002,2018_3322366__event_003,-2,-2,-10
tokyo_26786_relational_after,26786,relational_after,2018_543238__event_002,True,1,1,1,82,18,1.0000000000,1.0000000000,1.0000000000,0.0121951220,0.0555555556,2018_543238__event_002,2018_543238__event_002,2018_543238__event_002,2018_543191__event_002,2018_543222__event_002,-17,-17,-81
tokyo_26786_semantic,26786,semantic,2018_543193__event_002,True,1,1,1,2,1,1.0000000000,1.0000000000,1.0000000000,0.5000000000,1.0000000000,2018_543193__event_002,2018_543193__event_002,2018_543193__event_002,2018_543232__event_002,2018_543193__event_002,0,0,-1
tokyo_26786_temporal_spatial,26786,temporal_spatial,2018_543252__event_004,True,1,3,2,2,1,1.0000000000,0.3333333333,0.5000000000,0.5000000000,1.0000000000,2018_543252__event_004,2018_543179__event_003,2018_543179__event_003,2018_543207__event_002,2018_543252__event_004,0,1,1
tokyo_277915_relational_after,277915,relational_after,2018_3383909__event_002,True,1,1,1,6,2,1.0000000000,1.0000000000,1.0000000000,0.1666666667,0.5000000000,2018_3383909__event_002,2018_3383909__event_002,2018_3383909__event_002,2018_3383898__event_002,2018_3383898__event_002,-1,-1,-5
tokyo_277915_semantic,277915,semantic,2018_3383887__event_002,True,2,4,2,1,1,0.5000000000,0.2500000000,0.5000000000,1.0000000000,1.0000000000,2018_3383912__event_002,2018_3383912__event_002,2018_3383912__event_002,2018_3383887__event_002,2018_3383887__event_002,1,1,3
tokyo_277915_temporal_spatial,277915,temporal_spatial,2018_3383902__event_002,True,5,4,5,9,4,0.2000000000,0.2500000000,0.2000000000,0.1111111111,0.2500000000,2018_3383900__event_002,2018_3383900__event_001,2018_3383900__event_002,2018_3383892__event_002,2018_3383892__event_002,1,1,-5
tokyo_280210_relational_after,280210,relational_after,2018_3396831__event_002,True,2,1,2,1,1,0.5000000000,1.0000000000,0.5000000000,1.0000000000,1.0000000000,2018_3396831__event_001,2018_3396831__event_002,2018_3396831__event_001,2018_3396831__event_002,2018_3396831__event_002,1,1,0
tokyo_280210_semantic,280210,semantic,2018_3396792__event_003,True,1,1,1,13,3,1.0000000000,1.0000000000,1.0000000000,0.0769230769,0.3333333333,2018_3396792__event_003,2018_3396792__event_003,2018_3396792__event_003,2018_3396788__event_002,2018_3396792__event_002,-2,-2,-12
tokyo_280210_temporal_spatial,280210,temporal_spatial,2018_3396806__event_001,True,1,2,1,28,7,1.0000000000,0.5000000000,1.0000000000,0.0357142857,0.1428571429,2018_3396806__event_001,2018_3396806__event_002,2018_3396806__event_001,2018_3396806__event_002,2018_3396806__event_002,-6,-6,-26
tokyo_281448_relational_after,281448,relational_after,2018_3403853__event_002,True,2,2,2,1,1,0.5000000000,0.5000000000,0.5000000000,1.0000000000,1.0000000000,2018_3403849__event_001,2018_3403849__event_001,2018_3403849__event_001,2018_3403853__event_002,2018_3403853__event_002,1,1,1
tokyo_281448_semantic,281448,semantic,2018_3403886__event_001,True,1,1,1,28,7,1.0000000000,1.0000000000,1.0000000000,0.0357142857,0.1428571429,2018_3403886__event_001,2018_3403886__event_001,2018_3403886__event_001,2018_3403853__event_002,2018_3403853__event_002,-6,-6,-27
tokyo_281448_temporal_spatial,281448,temporal_spatial,2018_3403886__event_003,False,15,11,9,7,7,0.0666666667,0.0909090909,0.1111111111,0.1428571429,0.1428571429,2018_3403834__event_002,2018_3403834__event_002,2018_3403834__event_002,2018_3403853__event_002,2018_3403834__event_002,8,2,4
tokyo_283450_relational_after,283450,relational_after,2018_3416086__event_002,True,3,2,3,18,6,0.3333333333,0.5000000000,0.3333333333,0.0555555556,0.1666666667,2018_3416120__event_001,2018_3416086__event_001,2018_3416086__event_001,2018_3416120__event_002,2018_3416120__event_002,-3,-3,-16
tokyo_283450_semantic,283450,semantic,2018_3416150__event_002,True,1,1,1,1,1,1.0000000000,1.0000000000,1.0000000000,1.0000000000,1.0000000000,2018_3416150__event_002,2018_3416150__event_002,2018_3416150__event_002,2018_3416150__event_002,2018_3416150__event_002,0,0,0
tokyo_283450_temporal_spatial,283450,temporal_spatial,2018_3416139__event_001,True,1,1,1,12,1,1.0000000000,1.0000000000,1.0000000000,0.0833333333,1.0000000000,2018_3416139__event_001,2018_3416139__event_001,2018_3416139__event_001,2018_3416146__event_002,2018_3416139__event_001,0,0,-11
tokyo_286142_relational_after,286142,relational_after,2018_3433040__event_002,True,1,1,1,2,1,1.0000000000,1.0000000000,1.0000000000,0.5000000000,1.0000000000,2018_3433040__event_002,2018_3433040__event_002,2018_3433040__event_002,2018_3433042__event_002,2018_3433040__event_002,0,0,-1
tokyo_286142_semantic,286142,semantic,2018_3433008__event_001,True,1,1,1,4,2,1.0000000000,1.0000000000,1.0000000000,0.2500000000,0.5000000000,2018_3433008__event_001,2018_3433008__event_001,2018_3433008__event_001,2018_3433042__event_002,2018_3433026__event_001,-1,-1,-3
tokyo_286142_temporal_spatial,286142,temporal_spatial,2018_3433021__event_002,True,1,1,1,2,1,1.0000000000,1.0000000000,1.0000000000,0.5000000000,1.0000000000,2018_3433021__event_002,2018_3433021__event_002,2018_3433021__event_002,2018_3433042__event_002,2018_3433021__event_002,0,0,-1
tokyo_286382_relational_after,286382,relational_after,2018_3434342__event_002,True,2,2,2,3,2,0.5000000000,0.5000000000,0.5000000000,0.3333333333,0.5000000000,2018_3434342__event_001,2018_3434342__event_001,2018_3434342__event_001,2018_3434337__event_002,2018_3434342__event_001,0,0,-1
tokyo_286382_semantic,286382,semantic,2018_3434341__event_001,True,2,1,1,13,7,0.5000000000,1.0000000000,1.0000000000,0.0769230769,0.1428571429,2018_3434330__event_001,2018_3434341__event_001,2018_3434341__event_001,2018_3434337__event_002,2018_3434351__event_001,-5,-6,-12
tokyo_286382_temporal_spatial,286382,temporal_spatial,2018_3434351__event_002,True,1,1,1,4,1,1.0000000000,1.0000000000,1.0000000000,0.2500000000,1.0000000000,2018_3434351__event_002,2018_3434351__event_002,2018_3434351__event_002,2018_3434337__event_002,2018_3434351__event_002,0,0,-3
tokyo_28664_relational_after,28664,relational_after,2018_580044__event_007,True,2,2,2,21,9,0.5000000000,0.5000000000,0.5000000000,0.0476190476,0.1111111111,2018_580044__event_006,2018_580044__event_006,2018_580044__event_006,2018_580044__event_006,2018_580044__event_006,-7,-7,-19
tokyo_28664_semantic,28664,semantic,2018_580023__event_002,True,1,1,1,19,3,1.0000000000,1.0000000000,1.0000000000,0.0526315789,0.3333333333,2018_580023__event_002,2018_580023__event_002,2018_580023__event_002,2018_580047__event_003,2018_580047__event_003,-2,-2,-18
tokyo_28664_temporal_spatial,28664,temporal_spatial,2018_580040__event_002,True,1,1,1,17,2,1.0000000000,1.0000000000,1.0000000000,0.0588235294,0.5000000000,2018_580040__event_002,2018_580040__event_002,2018_580040__event_002,2018_580047__event_003,2018_580047__event_003,-1,-1,-16
tokyo_28697_relational_after,28697,relational_after,2018_580909__event_002,True,3,3,4,1,2,0.3333333333,0.3333333333,0.2500000000,1.0000000000,0.5000000000,2018_580900__event_001,2018_580900__event_002,2018_580900__event_001,2018_580909__event_002,2018_580900__event_001,1,2,2
tokyo_28697_semantic,28697,semantic,2018_580909__event_003,True,1,4,2,27,10,1.0000000000,0.2500000000,0.5000000000,0.0370370370,0.1000000000,2018_580909__event_003,2018_580878__event_002,2018_580878__event_002,2018_580896__event_002,2018_580886__event_003,-9,-8,-23
tokyo_28697_temporal_spatial,28697,temporal_spatial,2018_580905__event_001,True,2,1,1,8,1,0.5000000000,1.0000000000,1.0000000000,0.1250000000,1.0000000000,2018_580873__event_001,2018_580905__event_001,2018_580905__event_001,2018_580896__event_002,2018_580905__event_001,1,0,-7
tokyo_290806_relational_after,290806,relational_after,2018_3462039__event_002,True,1,1,1,5,1,1.0000000000,1.0000000000,1.0000000000,0.2000000000,1.0000000000,2018_3462039__event_002,2018_3462039__event_002,2018_3462039__event_002,2018_3462038__event_003,2018_3462039__event_002,0,0,-4
tokyo_290806_semantic,290806,semantic,2018_3462036__event_002,True,1,1,1,1,1,1.0000000000,1.0000000000,1.0000000000,1.0000000000,1.0000000000,2018_3462036__event_002,2018_3462036__event_002,2018_3462036__event_002,2018_3462036__event_002,2018_3462036__event_002,0,0,0
tokyo_290806_temporal_spatial,290806,temporal_spatial,2018_3462064__event_002,True,1,1,1,9,2,1.0000000000,1.0000000000,1.0000000000,0.1111111111,0.5000000000,2018_3462064__event_002,2018_3462064__event_002,2018_3462064__event_002,2018_3462058__event_003,2018_3462058__event_003,-1,-1,-8
tokyo_29501_relational_after,29501,relational_after,2018_596177__event_004,True,1,1,1,1,1,1.0000000000,1.0000000000,1.0000000000,1.0000000000,1.0000000000,2018_596177__event_004,2018_596177__event_004,2018_596177__event_004,2018_596177__event_004,2018_596177__event_004,0,0,0
tokyo_29501_semantic,29501,semantic,2018_596159__event_001,True,1,1,1,5,1,1.0000000000,1.0000000000,1.0000000000,0.2000000000,1.0000000000,2018_596159__event_001,2018_596159__event_001,2018_596159__event_001,2018_596168__event_002,2018_596159__event_001,0,0,-4
tokyo_29501_temporal_spatial,29501,temporal_spatial,2018_596177__event_003,True,1,1,1,1,1,1.0000000000,1.0000000000,1.0000000000,1.0000000000,1.0000000000,2018_596177__event_003,2018_596177__event_003,2018_596177__event_003,2018_596177__event_003,2018_596177__event_003,0,0,0
tokyo_29757_relational_after,29757,relational_after,2018_601373__event_002,True,1,2,2,4,1,1.0000000000,0.5000000000,0.5000000000,0.2500000000,1.0000000000,2018_601373__event_002,2018_601373__event_001,2018_601373__event_001,2018_601365__event_002,2018_601373__event_002,0,1,-2
tokyo_29757_semantic,29757,semantic,2018_601438__event_002,True,2,1,2,33,15,0.5000000000,1.0000000000,0.5000000000,0.0303030303,0.0666666667,2018_601373__event_001,2018_601438__event_002,2018_601373__event_001,2018_601369__event_002,2018_601379__event_002,-13,-13,-32
tokyo_29757_temporal_spatial,29757,temporal_spatial,2018_601440__event_002,True,2,2,2,5,2,0.5000000000,0.5000000000,0.5000000000,0.2000000000,0.5000000000,2018_601430__event_002,2018_601430__event_002,2018_601430__event_002,2018_601369__event_002,2018_601430__event_002,0,0,-3
tokyo_29764_relational_after,29764,relational_after,2018_601478__event_003,True,1,2,2,7,2,1.0000000000,0.5000000000,0.5000000000,0.1428571429,0.5000000000,2018_601478__event_003,2018_601478__event_002,2018_601478__event_002,2018_601478__event_002,2018_601478__event_002,-1,0,-5
tokyo_29764_semantic,29764,semantic,2018_601479__event_002,True,1,2,1,1,1,1.0000000000,0.5000000000,1.0000000000,1.0000000000,1.0000000000,2018_601479__event_002,2018_601634__event_002,2018_601479__event_002,2018_601479__event_002,2018_601479__event_002,0,0,1
tokyo_29764_temporal_spatial,29764,temporal_spatial,2018_601542__event_002,True,2,3,2,7,1,0.5000000000,0.3333333333,0.5000000000,0.1428571429,1.0000000000,2018_601634__event_002,2018_601634__event_002,2018_601634__event_002,2018_601633__event_002,2018_601542__event_002,1,1,-4
tokyo_31204_relational_after,31204,relational_after,2018_631691__event_002,True,2,2,2,2,2,0.5000000000,0.5000000000,0.5000000000,0.5000000000,0.5000000000,2018_631691__event_001,2018_631691__event_001,2018_631691__event_001,2018_631703__event_002,2018_631691__event_001,0,0,0
tokyo_31204_semantic,31204,semantic,2018_631703__event_002,True,1,3,2,1,1,1.0000000000,0.3333333333,0.5000000000,1.0000000000,1.0000000000,2018_631703__event_002,2018_631604__event_001,2018_631604__event_001,2018_631703__event_002,2018_631703__event_002,0,1,2
tokyo_31204_temporal_spatial,31204,temporal_spatial,2018_631604__event_001,True,1,1,1,2,1,1.0000000000,1.0000000000,1.0000000000,0.5000000000,1.0000000000,2018_631604__event_001,2018_631604__event_001,2018_631604__event_001,2018_631703__event_002,2018_631604__event_001,0,0,-1
tokyo_32545_relational_after,32545,relational_after,2018_661962__event_003,True,3,3,3,21,4,0.3333333333,0.3333333333,0.3333333333,0.0476190476,0.2500000000,2018_661962__event_002,2018_661962__event_002,2018_661962__event_002,2018_661962__event_002,2018_661962__event_002,-1,-1,-18
tokyo_32545_semantic,32545,semantic,2018_661998__event_003,True,1,3,2,72,19,1.0000000000,0.3333333333,0.5000000000,0.0138888889,0.0526315789,2018_661998__event_003,2018_661980__event_002,2018_661980__event_002,2018_661950__event_002,2018_661950__event_003,-18,-17,-69
tokyo_32545_temporal_spatial,32545,temporal_spatial,2018_661957__event_002,False,20,30,16,34,17,0.0500000000,0.0333333333,0.0625000000,0.0294117647,0.0588235294,2018_661952__event_001,2018_661968__event_002,2018_661968__event_002,2018_661938__event_002,2018_661938__event_002,3,-1,-4
tokyo_325605_relational_after,325605,relational_after,2018_3674468__event_002,True,1,1,1,16,4,1.0000000000,1.0000000000,1.0000000000,0.0625000000,0.2500000000,2018_3674468__event_002,2018_3674468__event_002,2018_3674468__event_002,2018_3674428__event_002,2018_3674428__event_002,-3,-3,-15
tokyo_325605_semantic,325605,semantic,2018_3674424__event_001,True,1,1,1,17,4,1.0000000000,1.0000000000,1.0000000000,0.0588235294,0.2500000000,2018_3674424__event_001,2018_3674424__event_001,2018_3674424__event_001,2018_3674477__event_002,2018_3674477__event_002,-3,-3,-16
tokyo_325605_temporal_spatial,325605,temporal_spatial,2018_3674434__event_002,True,1,1,1,1,1,1.0000000000,1.0000000000,1.0000000000,1.0000000000,1.0000000000,2018_3674434__event_002,2018_3674434__event_002,2018_3674434__event_002,2018_3674434__event_002,2018_3674434__event_002,0,0,0
tokyo_328941_relational_after,328941,relational_after,2018_3694439__event_002,True,1,1,1,2,1,1.0000000000,1.0000000000,1.0000000000,0.5000000000,1.0000000000,2018_3694439__event_002,2018_3694439__event_002,2018_3694439__event_002,2018_3694436__event_002,2018_3694439__event_002,0,0,-1
tokyo_328941_semantic,328941,semantic,2018_3694440__event_002,True,1,1,1,3,1,1.0000000000,1.0000000000,1.0000000000,0.3333333333,1.0000000000,2018_3694440__event_002,2018_3694440__event_002,2018_3694440__event_002,2018_3694436__event_002,2018_3694440__event_002,0,0,-2
tokyo_328941_temporal_spatial,328941,temporal_spatial,2018_3694435__event_002,True,1,3,1,2,1,1.0000000000,0.3333333333,1.0000000000,0.5000000000,1.0000000000,2018_3694435__event_002,2018_3694436__event_002,2018_3694435__event_002,2018_3694436__event_002,2018_3694435__event_002,0,0,1
tokyo_339444_relational_after,339444,relational_after,2018_3757165__event_005,True,2,2,2,2,2,0.5000000000,0.5000000000,0.5000000000,0.5000000000,0.5000000000,2018_3757165__event_004,2018_3757165__event_004,2018_3757165__event_004,2018_3757165__event_004,2018_3757165__event_004,0,0,0
tokyo_339444_semantic,339444,semantic,2018_3757174__event_001,True,1,1,1,8,2,1.0000000000,1.0000000000,1.0000000000,0.1250000000,0.5000000000,2018_3757174__event_001,2018_3757174__event_001,2018_3757174__event_001,2018_3757162__event_002,2018_3757162__event_002,-1,-1,-7
tokyo_339444_temporal_spatial,339444,temporal_spatial,2018_3757174__event_002,True,1,1,1,9,3,1.0000000000,1.0000000000,1.0000000000,0.1111111111,0.3333333333,2018_3757174__event_002,2018_3757174__event_002,2018_3757174__event_002,2018_3757162__event_002,2018_3757162__event_002,-2,-2,-8
tokyo_342180_relational_after,342180,relational_after,2018_3773318__event_004,True,1,2,1,14,4,1.0000000000,0.5000000000,1.0000000000,0.0714285714,0.2500000000,2018_3773318__event_004,2018_3773318__event_003,2018_3773318__event_004,2018_3773314__event_002,2018_3773314__event_002,-3,-3,-12
tokyo_342180_semantic,342180,semantic,2018_3773294__event_001,True,2,3,2,12,4,0.5000000000,0.3333333333,0.5000000000,0.0833333333,0.2500000000,2018_3773307__event_003,2018_3773314__event_002,2018_3773307__event_003,2018_3773314__event_002,2018_3773314__event_002,-2,-2,-9
tokyo_342180_temporal_spatial,342180,temporal_spatial,2018_3773284__event_002,True,4,5,5,10,4,0.2500000000,0.2000000000,0.2000000000,0.1000000000,0.2500000000,2018_3773297__event_002,2018_3773297__event_002,2018_3773297__event_002,2018_3773299__event_002,2018_3773297__event_002,0,1,-5
tokyo_34258_relational_after,34258,relational_after,2018_698467__event_004,False,27,6,13,10,15,0.0370370370,0.1666666667,0.0769230769,0.1000000000,0.0666666667,2018_698471__event_002,2018_698471__event_002,2018_698471__event_002,2018_698471__event_002,2018_698471__event_002,12,-2,-4
tokyo_34258_semantic,34258,semantic,2018_698481__event_002,True,1,1,1,1,1,1.0000000000,1.0000000000,1.0000000000,1.0000000000,1.0000000000,2018_698481__event_002,2018_698481__event_002,2018_698481__event_002,2018_698481__event_002,2018_698481__event_002,0,0,0
tokyo_34258_temporal_spatial,34258,temporal_spatial,2018_698482__event_004,False,37,10,23,11,26,0.0270270270,0.1000000000,0.0434782609,0.0909090909,0.0384615385,2018_698467__event_005,2018_698463__event_001,2018_698467__event_005,2018_698471__event_002,2018_698471__event_002,11,-3,-1
tokyo_347501_relational_after,347501,relational_after,2018_3804279__event_002,True,2,2,2,2,2,0.5000000000,0.5000000000,0.5000000000,0.5000000000,0.5000000000,2018_3804279__event_001,2018_3804279__event_001,2018_3804279__event_001,2018_3804279__event_001,2018_3804279__event_001,0,0,0
tokyo_347501_temporal_spatial,347501,temporal_spatial,2018_3804262__event_002,True,5,5,5,15,10,0.2000000000,0.2000000000,0.2000000000,0.0666666667,0.1000000000,2018_3804274__event_002,2018_3804274__event_002,2018_3804274__event_002,2018_3804273__event_002,2018_3804273__event_002,-5,-5,-10
tokyo_348059_relational_after,348059,relational_after,2018_3807516__event_004,False,13,13,9,16,13,0.0769230769,0.0769230769,0.1111111111,0.0625000000,0.0769230769,2018_3807516__event_003,2018_3807521__event_003,2018_3807516__event_003,2018_3807521__event_003,2018_3807521__event_003,0,-4,-3
tokyo_348059_semantic,348059,semantic,2018_3807506__event_002,True,3,4,4,4,1,0.3333333333,0.2500000000,0.2500000000,0.2500000000,1.0000000000,2018_3807524__event_005,2018_3807518__event_001,2018_3807524__event_005,2018_3807525__event_002,2018_3807506__event_002,2,3,0
tokyo_348059_temporal_spatial,348059,temporal_spatial,2018_3807513__event_003,True,1,2,2,23,3,1.0000000000,0.5000000000,0.5000000000,0.0434782609,0.3333333333,2018_3807513__event_003,2018_3807513__event_002,2018_3807513__event_002,2018_3807513__event_002,2018_3807513__event_002,-2,-1,-21
tokyo_348682_relational_after,348682,relational_after,2018_3811346__event_002,True,1,1,1,3,1,1.0000000000,1.0000000000,1.0000000000,0.3333333333,1.0000000000,2018_3811346__event_002,2018_3811346__event_002,2018_3811346__event_002,2018_3811349__event_002,2018_3811346__event_002,0,0,-2
tokyo_348682_semantic,348682,semantic,2018_3811335__event_002,True,1,3,1,8,3,1.0000000000,0.3333333333,1.0000000000,0.1250000000,0.3333333333,2018_3811335__event_002,2018_3811346__event_002,2018_3811335__event_002,2018_3811349__event_002,2018_3811346__event_002,-2,-2,-5
tokyo_348682_temporal_spatial,348682,temporal_spatial,2018_3811312__event_002,True,1,2,2,4,1,1.0000000000,0.5000000000,0.5000000000,0.2500000000,1.0000000000,2018_3811312__event_002,2018_3811312__event_001,2018_3811312__event_001,2018_3811349__event_002,2018_3811312__event_002,0,1,-2
tokyo_350248_relational_after,350248,relational_after,2018_3820531__event_002,True,5,3,3,14,7,0.2000000000,0.3333333333,0.3333333333,0.0714285714,0.1428571429,2018_3820531__event_001,2018_3820531__event_001,2018_3820531__event_001,2018_3820522__event_002,2018_3820522__event_002,-2,-4,-11
tokyo_350248_semantic,350248,semantic,2018_3820558__event_002,True,1,3,2,11,5,1.0000000000,0.3333333333,0.5000000000,0.0909090909,0.2000000000,2018_3820558__event_002,2018_3820543__event_002,2018_3820543__event_002,2018_3820535__event_002,2018_3820535__event_002,-4,-3,-8
tokyo_350248_temporal_spatial,350248,temporal_spatial,2018_3820551__event_002,True,1,1,1,15,2,1.0000000000,1.0000000000,1.0000000000,0.0666666667,0.5000000000,2018_3820551__event_002,2018_3820551__event_002,2018_3820551__event_002,2018_3820528__event_002,2018_3820554__event_002,-1,-1,-14
tokyo_356419_relational_after,356419,relational_after,2018_3855579__event_002,True,1,1,1,6,3,1.0000000000,1.0000000000,1.0000000000,0.1666666667,0.3333333333,2018_3855579__event_002,2018_3855579__event_002,2018_3855579__event_002,2018_3855574__event_002,2018_3855574__event_002,-2,-2,-5
tokyo_356419_semantic,356419,semantic,2018_3855580__event_001,True,1,1,1,6,1,1.0000000000,1.0000000000,1.0000000000,0.1666666667,1.0000000000,2018_3855580__event_001,2018_3855580__event_001,2018_3855580__event_001,2018_3855571__event_002,2018_3855580__event_001,0,0,-5
tokyo_356419_temporal_spatial,356419,temporal_spatial,2018_3855575__event_002,True,1,3,2,13,2,1.0000000000,0.3333333333,0.5000000000,0.0769230769,0.5000000000,2018_3855575__event_002,2018_3855570__event_002,2018_3855570__event_002,2018_3855574__event_002,2018_3855570__event_001,-1,0,-10
tokyo_35718_relational_after,35718,relational_after,2018_727120__event_002,True,1,5,3,2,1,1.0000000000,0.2000000000,0.3333333333,0.5000000000,1.0000000000,2018_727120__event_002,2018_727143__event_001,2018_727117__event_001,2018_727136__event_002,2018_727120__event_002,0,2,3
tokyo_35718_semantic,35718,semantic,2018_727082__event_002,True,1,1,1,1,1,1.0000000000,1.0000000000,1.0000000000,1.0000000000,1.0000000000,2018_727082__event_002,2018_727082__event_002,2018_727082__event_002,2018_727082__event_002,2018_727082__event_002,0,0,0
tokyo_35718_temporal_spatial,35718,temporal_spatial,2018_727120__event_002,True,1,1,1,2,1,1.0000000000,1.0000000000,1.0000000000,0.5000000000,1.0000000000,2018_727120__event_002,2018_727120__event_002,2018_727120__event_002,2018_727136__event_002,2018_727120__event_002,0,0,-1
tokyo_362630_relational_after,362630,relational_after,2018_3889086__event_003,True,1,2,2,4,2,1.0000000000,0.5000000000,0.5000000000,0.2500000000,0.5000000000,2018_3889086__event_003,2018_3889086__event_002,2018_3889086__event_002,2018_3889086__event_002,2018_3889086__event_002,-1,0,-2
tokyo_362630_semantic,362630,semantic,2018_3889093__event_002,True,1,3,2,3,2,1.0000000000,0.3333333333,0.5000000000,0.3333333333,0.5000000000,2018_3889093__event_002,2018_3889095__event_002,2018_3889095__event_002,2018_3889086__event_002,2018_3889086__event_002,-1,0,0
tokyo_362630_temporal_spatial,362630,temporal_spatial,2018_3889095__event_002,True,1,1,1,3,2,1.0000000000,1.0000000000,1.0000000000,0.3333333333,0.5000000000,2018_3889095__event_002,2018_3889095__event_002,2018_3889095__event_002,2018_3889086__event_002,2018_3889086__event_002,-1,-1,-2
tokyo_36487_relational_after,36487,relational_after,2018_741708__event_003,True,2,4,3,2,2,0.5000000000,0.2500000000,0.3333333333,0.5000000000,0.5000000000,2018_741708__event_002,2018_741716__event_002,2018_741708__event_002,2018_741708__event_002,2018_741708__event_002,0,1,2
tokyo_36487_semantic,36487,semantic,2018_741721__event_001,True,1,2,1,21,6,1.0000000000,0.5000000000,1.0000000000,0.0476190476,0.1666666667,2018_741721__event_001,2018_741721__event_002,2018_741721__event_001,2018_741721__event_002,2018_741721__event_002,-5,-5,-19
tokyo_36487_temporal_spatial,36487,temporal_spatial,2018_741640__event_001,True,1,1,1,16,3,1.0000000000,1.0000000000,1.0000000000,0.0625000000,0.3333333333,2018_741640__event_001,2018_741640__event_001,2018_741640__event_001,2018_741726__event_002,2018_741722__event_002,-2,-2,-15
tokyo_365381_relational_after,365381,relational_after,2018_3903074__event_002,True,1,1,1,1,1,1.0000000000,1.0000000000,1.0000000000,1.0000000000,1.0000000000,2018_3903074__event_002,2018_3903074__event_002,2018_3903074__event_002,2018_3903074__event_002,2018_3903074__event_002,0,0,0
tokyo_365381_semantic,365381,semantic,2018_3903070__event_001,True,1,1,1,8,2,1.0000000000,1.0000000000,1.0000000000,0.1250000000,0.5000000000,2018_3903070__event_001,2018_3903070__event_001,2018_3903070__event_001,2018_3903074__event_002,2018_3903077__event_001,-1,-1,-7
tokyo_365381_temporal_spatial,365381,temporal_spatial,2018_3903088__event_002,True,1,1,1,3,1,1.0000000000,1.0000000000,1.0000000000,0.3333333333,1.0000000000,2018_3903088__event_002,2018_3903088__event_002,2018_3903088__event_002,2018_3903074__event_002,2018_3903088__event_002,0,0,-2
tokyo_41088_relational_after,41088,relational_after,2018_830967__event_002,True,2,2,2,12,3,0.5000000000,0.5000000000,0.5000000000,0.0833333333,0.3333333333,2018_830967__event_001,2018_830967__event_001,2018_830967__event_001,2018_830976__event_002,2018_830976__event_002,-1,-1,-10
tokyo_41088_semantic,41088,semantic,2018_830967__event_001,True,1,1,1,29,9,1.0000000000,1.0000000000,1.0000000000,0.0344827586,0.1111111111,2018_830967__event_001,2018_830967__event_001,2018_830967__event_001,2018_830976__event_002,2018_831031__event_001,-8,-8,-28
tokyo_41088_temporal_spatial,41088,temporal_spatial,2018_831031__event_001,True,1,1,1,12,2,1.0000000000,1.0000000000,1.0000000000,0.0833333333,0.5000000000,2018_831031__event_001,2018_831031__event_001,2018_831031__event_001,2018_830976__event_002,2018_830976__event_002,-1,-1,-11
tokyo_42282_relational_after,42282,relational_after,2018_852454__event_002,True,1,3,2,1,1,1.0000000000,0.3333333333,0.5000000000,1.0000000000,1.0000000000,2018_852454__event_002,2018_852419__event_001,2018_852419__event_001,2018_852454__event_002,2018_852454__event_002,0,1,2
tokyo_42282_semantic,42282,semantic,2018_852433__event_001,True,2,4,3,6,3,0.5000000000,0.2500000000,0.3333333333,0.1666666667,0.3333333333,2018_852463__event_001,2018_852463__event_001,2018_852463__event_001,2018_852454__event_003,2018_852463__event_001,-1,0,-2
tokyo_42282_temporal_spatial,42282,temporal_spatial,2018_852463__event_001,True,1,1,1,3,1,1.0000000000,1.0000000000,1.0000000000,0.3333333333,1.0000000000,2018_852463__event_001,2018_852463__event_001,2018_852463__event_001,2018_852454__event_003,2018_852463__event_001,0,0,-2
tokyo_44616_relational_after,44616,relational_after,2018_895859__event_003,True,3,2,3,3,2,0.3333333333,0.5000000000,0.3333333333,0.3333333333,0.5000000000,2018_895859__event_002,2018_895859__event_002,2018_895859__event_002,2018_895859__event_002,2018_895859__event_002,1,1,-1
tokyo_44616_semantic,44616,semantic,2018_895850__event_003,True,1,2,1,2,1,1.0000000000,0.5000000000,1.0000000000,0.5000000000,1.0000000000,2018_895850__event_003,2018_895860__event_002,2018_895850__event_003,2018_895860__event_002,2018_895850__event_003,0,0,0
tokyo_44616_temporal_spatial,44616,temporal_spatial,2018_895862__event_003,True,2,3,2,23,7,0.5000000000,0.3333333333,0.5000000000,0.0434782609,0.1428571429,2018_895852__event_004,2018_895852__event_004,2018_895852__event_004,2018_895862__event_002,2018_895852__event_004,-5,-5,-20
tokyo_45189_relational_after,45189,relational_after,2018_907314__event_003,True,1,2,2,4,2,1.0000000000,0.5000000000,0.5000000000,0.2500000000,0.5000000000,2018_907314__event_003,2018_907314__event_002,2018_907314__event_002,2018_907314__event_002,2018_907314__event_002,-1,0,-2
tokyo_45189_semantic,45189,semantic,2018_907312__event_002,True,1,1,1,1,1,1.0000000000,1.0000000000,1.0000000000,1.0000000000,1.0000000000,2018_907312__event_002,2018_907312__event_002,2018_907312__event_002,2018_907312__event_002,2018_907312__event_002,0,0,0
tokyo_45189_temporal_spatial,45189,temporal_spatial,2018_907321__event_001,True,1,3,1,6,2,1.0000000000,0.3333333333,1.0000000000,0.1666666667,0.5000000000,2018_907321__event_001,2018_907313__event_002,2018_907321__event_001,2018_907312__event_002,2018_907313__event_002,-1,-1,-3
tokyo_45205_relational_after,45205,relational_after,2018_907559__event_002,False,9,8,7,2,3,0.1111111111,0.1250000000,0.1428571429,0.5000000000,0.3333333333,2018_907560__event_003,2018_907479__event_002,2018_907479__event_002,2018_907479__event_002,2018_907479__event_002,6,4,6
tokyo_45205_semantic,45205,semantic,2018_907576__event_001,True,1,3,2,31,4,1.0000000000,0.3333333333,0.5000000000,0.0322580645,0.2500000000,2018_907576__event_001,2018_907508__event_002,2018_907508__event_002,2018_907580__event_002,2018_907580__event_002,-3,-2,-28
tokyo_45205_temporal_spatial,45205,temporal_spatial,2018_907469__event_003,False,21,55,36,78,45,0.0476190476,0.0181818182,0.0277777778,0.0128205128,0.0222222222,2018_907479__event_003,2018_907522__event_002,2018_907522__event_002,2018_907581__event_002,2018_907581__event_002,-24,-9,-23
tokyo_50046_relational_after,50046,relational_after,2018_1004059__event_002,True,4,3,5,1,1,0.2500000000,0.3333333333,0.2000000000,1.0000000000,1.0000000000,2018_1003995__event_001,2018_1003981__event_002,2018_1003981__event_002,2018_1004059__event_002,2018_1004059__event_002,3,4,2
tokyo_50046_semantic,50046,semantic,2018_1003971__event_002,True,1,3,1,9,1,1.0000000000,0.3333333333,1.0000000000,0.1111111111,1.0000000000,2018_1003971__event_002,2018_1004013__event_001,2018_1003971__event_002,2018_1004059__event_002,2018_1003971__event_002,0,0,-6
tokyo_50046_temporal_spatial,50046,temporal_spatial,2018_1004028__event_001,True,1,1,1,7,1,1.0000000000,1.0000000000,1.0000000000,0.1428571429,1.0000000000,2018_1004028__event_001,2018_1004028__event_001,2018_1004028__event_001,2018_1004059__event_002,2018_1004028__event_001,0,0,-6
tokyo_51031_relational_after,51031,relational_after,2018_1023518__event_002,True,2,1,2,1,1,0.5000000000,1.0000000000,0.5000000000,1.0000000000,1.0000000000,2018_1023518__event_001,2018_1023518__event_002,2018_1023518__event_001,2018_1023518__event_002,2018_1023518__event_002,1,1,0
tokyo_51031_semantic,51031,semantic,2018_1023533__event_001,True,1,2,1,20,8,1.0000000000,0.5000000000,1.0000000000,0.0500000000,0.1250000000,2018_1023533__event_001,2018_1023533__event_002,2018_1023533__event_001,2018_1023533__event_002,2018_1023533__event_002,-7,-7,-18
tokyo_51031_temporal_spatial,51031,temporal_spatial,2018_1023533__event_003,True,1,4,2,11,2,1.0000000000,0.2500000000,0.5000000000,0.0909090909,0.5000000000,2018_1023533__event_003,2018_1023522__event_001,2018_1023522__event_001,2018_1023533__event_002,2018_1023522__event_001,-1,0,-7
tokyo_51516_relational_after,51516,relational_after,2018_1033040__event_002,True,2,2,2,8,4,0.5000000000,0.5000000000,0.5000000000,0.1250000000,0.2500000000,2018_1033040__event_001,2018_1033040__event_001,2018_1033040__event_001,2018_1033029__event_002,2018_1033029__event_002,-2,-2,-6
tokyo_51516_semantic,51516,semantic,2018_1033014__event_002,True,1,1,1,1,1,1.0000000000,1.0000000000,1.0000000000,1.0000000000,1.0000000000,2018_1033014__event_002,2018_1033014__event_002,2018_1033014__event_002,2018_1033014__event_002,2018_1033014__event_002,0,0,0
tokyo_51516_temporal_spatial,51516,temporal_spatial,2018_1033126__event_001,True,2,2,2,9,2,0.5000000000,0.5000000000,0.5000000000,0.1111111111,0.5000000000,2018_1033064__event_001,2018_1033064__event_001,2018_1033064__event_001,2018_1033010__event_002,2018_1033064__event_001,0,0,-7
tokyo_52894_relational_after,52894,relational_after,2018_1058960__event_002,True,2,1,1,1,1,0.5000000000,1.0000000000,1.0000000000,1.0000000000,1.0000000000,2018_1058960__event_001,2018_1058960__event_002,2018_1058960__event_002,2018_1058960__event_002,2018_1058960__event_002,1,0,0
tokyo_52894_semantic,52894,semantic,2018_1058963__event_001,True,1,1,1,7,2,1.0000000000,1.0000000000,1.0000000000,0.1428571429,0.5000000000,2018_1058963__event_001,2018_1058963__event_001,2018_1058963__event_001,2018_1058986__event_002,2018_1058986__event_002,-1,-1,-6
tokyo_52894_temporal_spatial,52894,temporal_spatial,2018_1058964__event_002,True,1,3,1,1,1,1.0000000000,0.3333333333,1.0000000000,1.0000000000,1.0000000000,2018_1058964__event_002,2018_1058965__event_001,2018_1058964__event_002,2018_1058964__event_002,2018_1058964__event_002,0,0,2
tokyo_53205_relational_after,53205,relational_after,2018_1065533__event_002,False,7,9,7,13,9,0.1428571429,0.1111111111,0.1428571429,0.0769230769,0.1111111111,2018_1065533__event_001,2018_1065516__event_001,2018_1065516__event_001,2018_1065530__event_002,2018_1065530__event_002,-2,-2,-4
tokyo_53205_semantic,53205,semantic,2018_1065540__event_002,True,1,4,3,3,1,1.0000000000,0.2500000000,0.3333333333,0.3333333333,1.0000000000,2018_1065540__event_002,2018_1065532__event_002,2018_1065532__event_001,2018_1065532__event_002,2018_1065540__event_002,0,2,1
tokyo_53205_temporal_spatial,53205,temporal_spatial,2018_1065533__event_001,True,1,1,1,10,4,1.0000000000,1.0000000000,1.0000000000,0.1000000000,0.2500000000,2018_1065533__event_001,2018_1065533__event_001,2018_1065533__event_001,2018_1065530__event_002,2018_1065530__event_002,-3,-3,-9
tokyo_53405_relational_after,53405,relational_after,2018_1069059__event_003,True,1,2,2,7,3,1.0000000000,0.5000000000,0.5000000000,0.1428571429,0.3333333333,2018_1069059__event_003,2018_1069059__event_002,2018_1069059__event_002,2018_1069059__event_002,2018_1069059__event_002,-2,-1,-5
tokyo_53405_semantic,53405,semantic,2018_1068990__event_002,True,1,3,1,1,1,1.0000000000,0.3333333333,1.0000000000,1.0000000000,1.0000000000,2018_1068990__event_002,2018_1068997__event_001,2018_1068990__event_002,2018_1068990__event_002,2018_1068990__event_002,0,0,2
tokyo_53405_temporal_spatial,53405,temporal_spatial,2018_1068997__event_001,True,1,1,1,5,1,1.0000000000,1.0000000000,1.0000000000,0.2000000000,1.0000000000,2018_1068997__event_001,2018_1068997__event_001,2018_1068997__event_001,2018_1068990__event_002,2018_1068997__event_001,0,0,-4
tokyo_55985_relational_after,55985,relational_after,2018_1115816__event_002,True,1,1,1,5,1,1.0000000000,1.0000000000,1.0000000000,0.2000000000,1.0000000000,2018_1115816__event_002,2018_1115816__event_002,2018_1115816__event_002,2018_1115818__event_002,2018_1115816__event_002,0,0,-4
tokyo_55985_semantic,55985,semantic,2018_1115814__event_001,True,1,5,3,24,10,1.0000000000,0.2000000000,0.3333333333,0.0416666667,0.1000000000,2018_1115814__event_001,2018_1115810__event_001,2018_1115810__event_001,2018_1115818__event_002,2018_1115810__event_002,-9,-7,-19
tokyo_55985_temporal_spatial,55985,temporal_spatial,2018_1115818__event_001,True,1,5,3,17,6,1.0000000000,0.2000000000,0.3333333333,0.0588235294,0.1666666667,2018_1115818__event_001,2018_1115820__event_001,2018_1115820__event_001,2018_1115818__event_002,2018_1115810__event_002,-5,-3,-12
tokyo_59554_relational_after,59554,relational_after,2018_1176858__event_002,False,6,6,6,3,3,0.1666666667,0.1666666667,0.1666666667,0.3333333333,0.3333333333,2018_1176858__event_001,2018_1176858__event_001,2018_1176858__event_001,2018_1176852__event_002,2018_1176858__event_001,3,3,3
tokyo_59554_semantic,59554,semantic,2018_1176853__event_001,True,1,1,1,2,1,1.0000000000,1.0000000000,1.0000000000,0.5000000000,1.0000000000,2018_1176853__event_001,2018_1176853__event_001,2018_1176853__event_001,2018_1176852__event_002,2018_1176853__event_001,0,0,-1
tokyo_59554_temporal_spatial,59554,temporal_spatial,2018_1176829__event_002,True,2,3,2,2,1,0.5000000000,0.3333333333,0.5000000000,0.5000000000,1.0000000000,2018_1176879__event_002,2018_1176879__event_002,2018_1176879__event_002,2018_1176852__event_002,2018_1176829__event_002,1,1,1
tokyo_60393_relational_after,60393,relational_after,2018_1190515__event_002,True,1,1,1,54,8,1.0000000000,1.0000000000,1.0000000000,0.0185185185,0.1250000000,2018_1190515__event_002,2018_1190515__event_002,2018_1190515__event_002,2018_1190499__event_005,2018_1190499__event_005,-7,-7,-53
tokyo_60393_semantic,60393,semantic,2018_1190532__event_003,True,2,1,1,3,1,0.5000000000,1.0000000000,1.0000000000,0.3333333333,1.0000000000,2018_1190539__event_009,2018_1190532__event_003,2018_1190532__event_003,2018_1190480__event_002,2018_1190532__event_003,1,0,-2
tokyo_60393_temporal_spatial,60393,temporal_spatial,2018_1190583__event_004,True,1,3,2,70,14,1.0000000000,0.3333333333,0.5000000000,0.0142857143,0.0714285714,2018_1190583__event_004,2018_1190539__event_010,2018_1190539__event_010,2018_1190480__event_002,2018_1190539__event_010,-13,-12,-67
tokyo_70564_relational_after,70564,relational_after,2018_1332637__event_002,True,1,1,1,24,3,1.0000000000,1.0000000000,1.0000000000,0.0416666667,0.3333333333,2018_1332637__event_002,2018_1332637__event_002,2018_1332637__event_002,2018_1332658__event_002,2018_1332658__event_002,-2,-2,-23
tokyo_70564_semantic,70564,semantic,2018_1332642__event_003,True,1,3,1,44,11,1.0000000000,0.3333333333,1.0000000000,0.0227272727,0.0909090909,2018_1332642__event_003,2018_1332623__event_002,2018_1332642__event_003,2018_1332658__event_002,2018_1332658__event_002,-10,-10,-41
tokyo_70564_temporal_spatial,70564,temporal_spatial,2018_1332644__event_002,True,1,1,1,25,4,1.0000000000,1.0000000000,1.0000000000,0.0400000000,0.2500000000,2018_1332644__event_002,2018_1332644__event_002,2018_1332644__event_002,2018_1332670__event_002,2018_1332668__event_003,-3,-3,-24
tokyo_70703_relational_after,70703,relational_after,2018_1335107__event_002,True,2,2,2,13,3,0.5000000000,0.5000000000,0.5000000000,0.0769230769,0.3333333333,2018_1335107__event_001,2018_1335107__event_001,2018_1335107__event_001,2018_1335100__event_002,2018_1335107__event_001,-1,-1,-11
tokyo_70703_semantic,70703,semantic,2018_1335096__event_001,True,1,1,1,12,2,1.0000000000,1.0000000000,1.0000000000,0.0833333333,0.5000000000,2018_1335096__event_001,2018_1335096__event_001,2018_1335096__event_001,2018_1335099__event_002,2018_1335099__event_002,-1,-1,-11
tokyo_70703_temporal_spatial,70703,temporal_spatial,2018_1335104__event_002,True,1,1,1,12,2,1.0000000000,1.0000000000,1.0000000000,0.0833333333,0.5000000000,2018_1335104__event_002,2018_1335104__event_002,2018_1335104__event_002,2018_1335099__event_002,2018_1335093__event_004,-1,-1,-11
tokyo_72210_relational_after,72210,relational_after,2018_1357875__event_003,True,3,4,3,10,5,0.3333333333,0.2500000000,0.3333333333,0.1000000000,0.2000000000,2018_1357866__event_001,2018_1357875__event_002,2018_1357866__event_001,2018_1357875__event_002,2018_1357875__event_002,-2,-2,-6
tokyo_72210_semantic,72210,semantic,2018_1357857__event_004,True,3,5,4,4,1,0.3333333333,0.2000000000,0.2500000000,0.2500000000,1.0000000000,2018_1357863__event_002,2018_1357865__event_002,2018_1357863__event_002,2018_1357856__event_002,2018_1357857__event_004,2,3,1
tokyo_72210_temporal_spatial,72210,temporal_spatial,2018_1357875__event_001,True,5,4,5,23,14,0.2000000000,0.2500000000,0.2000000000,0.0434782609,0.0714285714,2018_1357880__event_001,2018_1357880__event_001,2018_1357880__event_001,2018_1357856__event_002,2018_1357880__event_001,-9,-9,-19
tokyo_72444_relational_after,72444,relational_after,2018_1361355__event_005,True,2,2,2,1,1,0.5000000000,0.5000000000,0.5000000000,1.0000000000,1.0000000000,2018_1361355__event_004,2018_1361355__event_004,2018_1361355__event_004,2018_1361355__event_005,2018_1361355__event_005,1,1,1
tokyo_72444_semantic,72444,semantic,2018_1361355__event_004,True,1,1,1,1,1,1.0000000000,1.0000000000,1.0000000000,1.0000000000,1.0000000000,2018_1361355__event_004,2018_1361355__event_004,2018_1361355__event_004,2018_1361355__event_004,2018_1361355__event_004,0,0,0
tokyo_72444_temporal_spatial,72444,temporal_spatial,2018_1361348__event_002,True,1,4,2,7,2,1.0000000000,0.2500000000,0.5000000000,0.1428571429,0.5000000000,2018_1361348__event_002,2018_1361378__event_002,2018_1361378__event_002,2018_1361355__event_002,2018_1361378__event_002,-1,0,-3
tokyo_74188_relational_after,74188,relational_after,2018_1388327__event_003,True,1,2,2,2,2,1.0000000000,0.5000000000,0.5000000000,0.5000000000,0.5000000000,2018_1388327__event_003,2018_1388327__event_002,2018_1388327__event_002,2018_1388327__event_002,2018_1388327__event_002,-1,0,0
tokyo_74188_semantic,74188,semantic,2018_1388318__event_002,True,1,1,1,1,1,1.0000000000,1.0000000000,1.0000000000,1.0000000000,1.0000000000,2018_1388318__event_002,2018_1388318__event_002,2018_1388318__event_002,2018_1388318__event_002,2018_1388318__event_002,0,0,0
tokyo_74188_temporal_spatial,74188,temporal_spatial,2018_1388319__event_003,True,1,2,1,18,3,1.0000000000,0.5000000000,1.0000000000,0.0555555556,0.3333333333,2018_1388319__event_003,2018_1388319__event_002,2018_1388319__event_003,2018_1388319__event_002,2018_1388319__event_002,-2,-2,-16
tokyo_74982_relational_after,74982,relational_after,2018_1402558__event_002,True,3,2,2,4,3,0.3333333333,0.5000000000,0.5000000000,0.2500000000,0.3333333333,2018_1402558__event_001,2018_1402558__event_001,2018_1402558__event_001,2018_1402555__event_002,2018_1402558__event_001,0,-1,-2
tokyo_74982_semantic,74982,semantic,2018_1402586__event_001,False,9,22,15,10,9,0.1111111111,0.0454545455,0.0666666667,0.1000000000,0.1111111111,2018_1402558__event_002,2018_1402558__event_002,2018_1402558__event_002,2018_1402555__event_002,2018_1402555__event_002,0,6,12
tokyo_74982_temporal_spatial,74982,temporal_spatial,2018_1402556__event_002,True,1,1,1,3,1,1.0000000000,1.0000000000,1.0000000000,0.3333333333,1.0000000000,2018_1402556__event_002,2018_1402556__event_002,2018_1402556__event_002,2018_1402590__event_002,2018_1402556__event_002,0,0,-2
tokyo_78286_relational_after,78286,relational_after,2018_1453204__event_002,True,2,2,2,11,1,0.5000000000,0.5000000000,0.5000000000,0.0909090909,1.0000000000,2018_1453204__event_001,2018_1453204__event_001,2018_1453204__event_001,2018_1453189__event_002,2018_1453204__event_002,1,1,-9
tokyo_78286_semantic,78286,semantic,2018_1453199__event_002,True,1,3,1,17,4,1.0000000000,0.3333333333,1.0000000000,0.0588235294,0.2500000000,2018_1453199__event_002,2018_1453197__event_001,2018_1453199__event_002,2018_1453188__event_002,2018_1453188__event_002,-3,-3,-14
tokyo_78286_temporal_spatial,78286,temporal_spatial,2018_1453219__event_001,True,1,1,1,12,2,1.0000000000,1.0000000000,1.0000000000,0.0833333333,0.5000000000,2018_1453219__event_001,2018_1453219__event_001,2018_1453219__event_001,2018_1453184__event_002,2018_1453184__event_002,-1,-1,-11
tokyo_79139_relational_after,79139,relational_after,2018_1466945__event_002,True,1,2,2,6,2,1.0000000000,0.5000000000,0.5000000000,0.1666666667,0.5000000000,2018_1466945__event_002,2018_1466945__event_001,2018_1466945__event_001,2018_1466942__event_002,2018_1466942__event_002,-1,0,-4
tokyo_79139_semantic,79139,semantic,2018_1466953__event_003,True,1,3,2,18,6,1.0000000000,0.3333333333,0.5000000000,0.0555555556,0.1666666667,2018_1466953__event_003,2018_1466944__event_001,2018_1466944__event_001,2018_1466942__event_002,2018_1466952__event_002,-5,-4,-15
tokyo_79139_temporal_spatial,79139,temporal_spatial,2018_1466948__event_002,True,1,4,2,6,1,1.0000000000,0.2500000000,0.5000000000,0.1666666667,1.0000000000,2018_1466948__event_002,2018_1466944__event_001,2018_1466944__event_001,2018_1466946__event_002,2018_1466948__event_002,0,1,-2
tokyo_79719_relational_after,79719,relational_after,2018_1475337__event_002,True,1,1,1,7,1,1.0000000000,1.0000000000,1.0000000000,0.1428571429,1.0000000000,2018_1475337__event_002,2018_1475337__event_002,2018_1475337__event_002,2018_1475389__event_002,2018_1475337__event_002,0,0,-6
tokyo_79719_semantic,79719,semantic,2018_1475331__event_001,True,1,1,1,18,2,1.0000000000,1.0000000000,1.0000000000,0.0555555556,0.5000000000,2018_1475331__event_001,2018_1475331__event_001,2018_1475331__event_001,2018_1475396__event_002,2018_1475377__event_002,-1,-1,-17
tokyo_79719_temporal_spatial,79719,temporal_spatial,2018_1475338__event_002,False,10,27,14,4,5,0.1000000000,0.0370370370,0.0714285714,0.2500000000,0.2000000000,2018_1475351__event_002,2018_1475386__event_001,2018_1475386__event_001,2018_1475396__event_002,2018_1475351__event_002,5,9,23
tokyo_80051_relational_after,80051,relational_after,2018_1480024__event_002,True,1,1,1,5,2,1.0000000000,1.0000000000,1.0000000000,0.2000000000,0.5000000000,2018_1480024__event_002,2018_1480024__event_002,2018_1480024__event_002,2018_1480027__event_002,2018_1480027__event_002,-1,-1,-4
tokyo_80051_semantic,80051,semantic,2018_1480044__event_001,True,1,4,2,8,4,1.0000000000,0.2500000000,0.5000000000,0.1250000000,0.2500000000,2018_1480044__event_001,2018_1480012__event_002,2018_1480012__event_002,2018_1480032__event_002,2018_1480032__event_002,-3,-2,-4
tokyo_80051_temporal_spatial,80051,temporal_spatial,2018_1480056__event_001,True,1,3,1,5,1,1.0000000000,0.3333333333,1.0000000000,0.2000000000,1.0000000000,2018_1480056__event_001,2018_1480050__event_002,2018_1480056__event_001,2018_1480027__event_002,2018_1480056__event_001,0,0,-2
tokyo_80415_relational_after,80415,relational_after,2018_1485522__event_003,True,2,3,3,4,2,0.5000000000,0.3333333333,0.3333333333,0.2500000000,0.5000000000,2018_1485522__event_002,2018_1485522__event_002,2018_1485522__event_002,2018_1485522__event_002,2018_1485522__event_002,0,1,-1
tokyo_80415_semantic,80415,semantic,2018_1485473__event_002,True,1,1,1,1,1,1.0000000000,1.0000000000,1.0000000000,1.0000000000,1.0000000000,2018_1485473__event_002,2018_1485473__event_002,2018_1485473__event_002,2018_1485473__event_002,2018_1485473__event_002,0,0,0
tokyo_80415_temporal_spatial,80415,temporal_spatial,2018_1485536__event_002,True,2,1,2,10,6,0.5000000000,1.0000000000,0.5000000000,0.1000000000,0.1666666667,2018_1485532__event_002,2018_1485536__event_002,2018_1485532__event_002,2018_1485455__event_002,2018_1485522__event_002,-4,-4,-9
tokyo_80480_relational_after,80480,relational_after,2018_1486542__event_002,True,2,1,2,1,1,0.5000000000,1.0000000000,0.5000000000,1.0000000000,1.0000000000,2018_1486542__event_001,2018_1486542__event_002,2018_1486542__event_001,2018_1486542__event_002,2018_1486542__event_002,1,1,0
tokyo_80480_semantic,80480,semantic,2018_1486540__event_003,True,2,3,3,31,10,0.5000000000,0.3333333333,0.3333333333,0.0322580645,0.1000000000,2018_1486548__event_001,2018_1486548__event_001,2018_1486548__event_001,2018_1486556__event_002,2018_1486548__event_001,-8,-7,-28
tokyo_80480_temporal_spatial,80480,temporal_spatial,2018_1486550__event_002,False,6,19,9,9,8,0.1666666667,0.0526315789,0.1111111111,0.1111111111,0.1250000000,2018_1486544__event_002,2018_1486514__event_001,2018_1486514__event_001,2018_1486556__event_002,2018_1486544__event_002,-2,1,10
tokyo_86988_relational_after,86988,relational_after,2018_1596296__event_002,True,2,1,1,1,1,0.5000000000,1.0000000000,1.0000000000,1.0000000000,1.0000000000,2018_1596296__event_001,2018_1596296__event_002,2018_1596296__event_002,2018_1596296__event_002,2018_1596296__event_002,1,0,0
tokyo_86988_semantic,86988,semantic,2018_1596327__event_005,True,1,4,3,45,13,1.0000000000,0.2500000000,0.3333333333,0.0222222222,0.0769230769,2018_1596327__event_005,2018_1596283__event_001,2018_1596283__event_001,2018_1596300__event_002,2018_1596283__event_001,-12,-10,-41
tokyo_86988_temporal_spatial,86988,temporal_spatial,2018_1596300__event_003,True,5,5,5,1,1,0.2000000000,0.2000000000,0.2000000000,1.0000000000,1.0000000000,2018_1596277__event_003,2018_1596324__event_002,2018_1596324__event_002,2018_1596300__event_003,2018_1596300__event_003,4,4,4
tokyo_87391_temporal_spatial,87391,temporal_spatial,2018_1602172__event_001,True,1,1,1,4,2,1.0000000000,1.0000000000,1.0000000000,0.2500000000,0.5000000000,2018_1602172__event_001,2018_1602172__event_001,2018_1602172__event_001,2018_1602172__event_002,2018_1602172__event_002,-1,-1,-3
tokyo_88625_relational_after,88625,relational_after,2018_1619235__event_004,True,3,5,5,7,5,0.3333333333,0.2000000000,0.2000000000,0.1428571429,0.2000000000,2018_1619235__event_003,2018_1619235__event_003,2018_1619235__event_003,2018_1619235__event_003,2018_1619235__event_003,-2,0,-2
tokyo_88625_semantic,88625,semantic,2018_1619230__event_001,True,2,4,3,13,4,0.5000000000,0.2500000000,0.3333333333,0.0769230769,0.2500000000,2018_1619218__event_002,2018_1619218__event_002,2018_1619218__event_002,2018_1619221__event_002,2018_1619218__event_002,-2,-1,-9
tokyo_88625_temporal_spatial,88625,temporal_spatial,2018_1619221__event_002,True,1,3,2,1,1,1.0000000000,0.3333333333,0.5000000000,1.0000000000,1.0000000000,2018_1619221__event_002,2018_1619240__event_001,2018_1619240__event_001,2018_1619221__event_002,2018_1619221__event_002,0,1,2
tokyo_88793_relational_after,88793,relational_after,2018_1621573__event_002,True,1,1,1,7,1,1.0000000000,1.0000000000,1.0000000000,0.1428571429,1.0000000000,2018_1621573__event_002,2018_1621573__event_002,2018_1621573__event_002,2018_1621565__event_002,2018_1621573__event_002,0,0,-6
tokyo_88793_semantic,88793,semantic,2018_1621568__event_002,True,1,1,1,7,2,1.0000000000,1.0000000000,1.0000000000,0.1428571429,0.5000000000,2018_1621568__event_002,2018_1621568__event_002,2018_1621568__event_002,2018_1621561__event_002,2018_1621561__event_002,-1,-1,-6
tokyo_88793_temporal_spatial,88793,temporal_spatial,2018_1621591__event_002,True,2,3,3,9,3,0.5000000000,0.3333333333,0.3333333333,0.1111111111,0.3333333333,2018_1621582__event_002,2018_1621582__event_002,2018_1621582__event_002,2018_1621565__event_002,2018_1621582__event_002,-1,0,-6
