user_id,trail_id,checkin_count,start_timestamp,end_timestamp,max_adjacent_gap_hours,removal_reason
100159,2018_1765808,3,2018-04-08 01:58:00,2018-04-12 09:28:00,102.93333333333334,adjacent_timestamp_gap_exceeds_8_hours
100677,2018_1773216,2,2018-06-09 08:38:00,2018-06-16 12:47:00,172.15,adjacent_timestamp_gap_exceeds_8_hours
101467,2018_1784999,6,2017-12-15 09:16:00,2017-12-23 11:59:00,190.0,adjacent_timestamp_gap_exceeds_8_hours
101467,2018_1785008,2,2018-03-18 01:32:00,2018-03-18 10:12:00,8.666666666666666,adjacent_timestamp_gap_exceeds_8_hours
102725,2018_1803907,3,2017-11-04 15:52:00,2017-11-05 08:52:00,14.633333333333333,adjacent_timestamp_gap_exceeds_8_hours
102725,2018_1803917,3,2018-02-13 13:50:00,2018-02-15 13:10:00,44.516666666666666,adjacent_timestamp_gap_exceeds_8_hours
109617,2018_1909202,2,2018-08-05 09:26:00,2018-08-06 10:00:00,24.566666666666666,adjacent_timestamp_gap_exceeds_8_hours
111589,2018_1935963,2,2017-10-28 04:00:00,2017-11-03 10:20:00,150.33333333333334,adjacent_timestamp_gap_exceeds_8_hours
111589,2018_1935971,2,2017-12-01 14:23:00,2017-12-09 08:18:00,185.91666666666666,adjacent_timestamp_gap_exceeds_8_hours
111589,2018_1935975,2,2018-01-05 14:06:00,2018-01-13 11:10:00,189.06666666666666,adjacent_timestamp_gap_exceeds_8_hours
113499,2018_1959235,5,2017-12-02 14:03:00,2017-12-03 21:20:00,30.716666666666665,adjacent_timestamp_gap_exceeds_8_hours
113499,2018_1959248,2,2018-05-13 13:26:00,2018-06-02 11:31:00,478.0833333333333,adjacent_timestamp_gap_exceeds_8_hours
113499,2018_1959254,3,2018-06-22 21:45:00,2018-06-23 11:36:00,11.416666666666666,adjacent_timestamp_gap_exceeds_8_hours
113499,2018_1959266,3,2018-10-13 03:45:00,2018-10-14 14:57:00,21.483333333333334,adjacent_timestamp_gap_exceeds_8_hours
115855,2018_1984788,2,2017-12-23 05:57:00,2017-12-23 16:01:00,10.066666666666666,adjacent_timestamp_gap_exceeds_8_hours
1172,2018_23852,2,2017-11-27 15:10:00,2017-11-29 16:31:00,49.35,adjacent_timestamp_gap_exceeds_8_hours
1172,2018_23939,2,2018-06-17 00:08:00,2018-06-17 09:52:00,9.733333333333333,adjacent_timestamp_gap_exceeds_8_hours
1172,2018_23964,3,2018-08-09 09:16:00,2018-08-19 11:25:00,237.95,adjacent_timestamp_gap_exceeds_8_hours
1172,2018_23966,2,2018-09-01 01:12:00,2018-09-01 15:02:00,13.833333333333334,adjacent_timestamp_gap_exceeds_8_hours
119597,2018_2023458,3,2017-10-10 20:27:00,2017-10-11 11:15:00,11.633333333333333,adjacent_timestamp_gap_exceeds_8_hours
119597,2018_2023470,3,2017-11-16 19:21:00,2017-11-17 10:12:00,14.516666666666667,adjacent_timestamp_gap_exceeds_8_hours
119597,2018_2023485,2,2017-12-23 21:21:00,2017-12-24 10:20:00,12.983333333333333,adjacent_timestamp_gap_exceeds_8_hours
119597,2018_2023493,2,2018-01-07 19:53:00,2018-01-08 09:55:00,14.033333333333333,adjacent_timestamp_gap_exceeds_8_hours
119597,2018_2023494,4,2018-01-10 20:49:00,2018-01-11 09:56:00,12.833333333333334,adjacent_timestamp_gap_exceeds_8_hours
119597,2018_2023498,2,2018-01-20 23:01:00,2018-01-21 07:56:00,8.916666666666666,adjacent_timestamp_gap_exceeds_8_hours
126688,2018_2126973,3,2017-10-08 02:07:00,2017-10-15 11:25:00,166.81666666666666,adjacent_timestamp_gap_exceeds_8_hours
126688,2018_2126975,2,2017-11-19 02:10:00,2017-11-19 10:56:00,8.766666666666667,adjacent_timestamp_gap_exceeds_8_hours
126688,2018_2126987,5,2017-12-29 00:26:00,2017-12-30 10:39:00,24.3,adjacent_timestamp_gap_exceeds_8_hours
127201,2018_2134913,4,2017-10-20 23:37:00,2017-10-21 08:27:00,8.4,adjacent_timestamp_gap_exceeds_8_hours
129047,2018_2163665,3,2018-01-07 00:54:00,2018-01-07 13:32:00,11.383333333333333,adjacent_timestamp_gap_exceeds_8_hours
130084,2018_2179291,4,2017-10-07 05:05:00,2017-10-13 16:42:00,149.26666666666668,adjacent_timestamp_gap_exceeds_8_hours
130084,2018_2179307,4,2017-12-18 11:48:00,2017-12-21 15:40:00,72.48333333333333,adjacent_timestamp_gap_exceeds_8_hours
130084,2018_2179317,3,2018-01-30 10:31:00,2018-02-04 10:16:00,119.13333333333334,adjacent_timestamp_gap_exceeds_8_hours
130084,2018_2179319,3,2018-02-10 09:48:00,2018-02-13 15:40:00,77.26666666666667,adjacent_timestamp_gap_exceeds_8_hours
130084,2018_2179336,3,2018-05-12 05:53:00,2018-05-12 20:13:00,8.616666666666667,adjacent_timestamp_gap_exceeds_8_hours
130568,2018_2187174,4,2017-11-18 06:42:00,2017-11-23 11:07:00,111.3,adjacent_timestamp_gap_exceeds_8_hours
130777,2018_2190705,2,2017-12-24 02:11:00,2017-12-24 14:40:00,12.483333333333333,adjacent_timestamp_gap_exceeds_8_hours
130777,2018_2190707,4,2017-12-29 00:11:00,2017-12-30 09:09:00,26.566666666666666,adjacent_timestamp_gap_exceeds_8_hours
130777,2018_2190758,4,2018-08-09 07:15:00,2018-08-10 08:29:00,12.516666666666667,adjacent_timestamp_gap_exceeds_8_hours
130872,2018_2192460,4,2018-04-26 06:09:00,2018-05-02 06:56:00,144.18333333333334,adjacent_timestamp_gap_exceeds_8_hours
130872,2018_2192466,3,2018-06-12 00:47:00,2018-06-12 10:54:00,9.633333333333333,adjacent_timestamp_gap_exceeds_8_hours
130872,2018_2192467,2,2018-06-28 07:19:00,2018-07-09 11:02:00,267.71666666666664,adjacent_timestamp_gap_exceeds_8_hours
130872,2018_2192470,4,2018-07-27 01:23:00,2018-07-27 11:04:00,8.716666666666667,adjacent_timestamp_gap_exceeds_8_hours
131525,2018_2202063,2,2017-12-15 04:12:00,2017-12-15 12:34:00,8.366666666666667,adjacent_timestamp_gap_exceeds_8_hours
131525,2018_2202068,3,2018-01-13 09:08:00,2018-01-25 09:46:00,288.3833333333333,adjacent_timestamp_gap_exceeds_8_hours
131525,2018_2202073,3,2018-03-31 08:03:00,2018-04-07 04:10:00,163.46666666666667,adjacent_timestamp_gap_exceeds_8_hours
132723,2018_2219887,3,2018-02-17 22:23:00,2018-02-18 08:00:00,8.166666666666666,adjacent_timestamp_gap_exceeds_8_hours
132723,2018_2219902,2,2018-07-01 05:31:00,2018-07-01 15:42:00,10.183333333333334,adjacent_timestamp_gap_exceeds_8_hours
132723,2018_2219912,2,2018-08-18 03:38:00,2018-08-18 11:40:00,8.033333333333333,adjacent_timestamp_gap_exceeds_8_hours
133042,2018_2224319,6,2017-10-07 07:12:00,2017-10-07 16:31:00,8.1,adjacent_timestamp_gap_exceeds_8_hours
133042,2018_2224320,2,2017-10-09 00:40:00,2017-10-09 15:38:00,14.966666666666667,adjacent_timestamp_gap_exceeds_8_hours
133042,2018_2224322,2,2017-10-22 22:28:00,2017-10-23 11:55:00,13.45,adjacent_timestamp_gap_exceeds_8_hours
133042,2018_2224324,2,2017-11-02 00:08:00,2017-11-02 15:24:00,15.266666666666667,adjacent_timestamp_gap_exceeds_8_hours
133042,2018_2224325,4,2017-11-04 00:03:00,2017-11-05 12:23:00,30.3,adjacent_timestamp_gap_exceeds_8_hours
133042,2018_2224326,4,2017-11-10 15:56:00,2017-11-11 10:59:00,10.75,adjacent_timestamp_gap_exceeds_8_hours
133042,2018_2224328,2,2017-11-19 06:11:00,2017-11-19 15:25:00,9.233333333333333,adjacent_timestamp_gap_exceeds_8_hours
133042,2018_2224329,2,2017-11-22 16:35:00,2017-11-26 15:49:00,95.23333333333333,adjacent_timestamp_gap_exceeds_8_hours
133042,2018_2224331,2,2017-12-10 06:19:00,2017-12-10 15:19:00,9.0,adjacent_timestamp_gap_exceeds_8_hours
133042,2018_2224334,2,2017-12-29 06:33:00,2017-12-29 16:02:00,9.483333333333333,adjacent_timestamp_gap_exceeds_8_hours
133042,2018_2224335,8,2018-01-02 02:25:00,2018-01-07 14:12:00,118.55,adjacent_timestamp_gap_exceeds_8_hours
133042,2018_2224337,8,2018-01-13 01:39:00,2018-02-24 16:01:00,345.6166666666667,adjacent_timestamp_gap_exceeds_8_hours
133042,2018_2224341,2,2018-04-01 01:57:00,2018-04-01 15:48:00,13.85,adjacent_timestamp_gap_exceeds_8_hours
133042,2018_2224342,2,2018-04-29 16:02:00,2018-05-03 15:09:00,95.11666666666666,adjacent_timestamp_gap_exceeds_8_hours
133042,2018_2224344,2,2018-05-12 02:44:00,2018-05-12 16:37:00,13.883333333333333,adjacent_timestamp_gap_exceeds_8_hours
133042,2018_2224349,4,2018-06-02 02:50:00,2018-06-03 14:24:00,24.15,adjacent_timestamp_gap_exceeds_8_hours
133042,2018_2224350,4,2018-06-09 04:12:00,2018-06-23 15:51:00,335.76666666666665,adjacent_timestamp_gap_exceeds_8_hours
133042,2018_2224352,2,2018-06-30 06:01:00,2018-06-30 16:17:00,10.266666666666667,adjacent_timestamp_gap_exceeds_8_hours
133042,2018_2224355,2,2018-07-16 15:09:00,2018-07-21 16:08:00,120.98333333333333,adjacent_timestamp_gap_exceeds_8_hours
133042,2018_2224356,2,2018-07-22 04:17:00,2018-07-22 15:12:00,10.916666666666666,adjacent_timestamp_gap_exceeds_8_hours
133042,2018_2224357,3,2018-07-28 06:56:00,2018-07-29 15:24:00,23.35,adjacent_timestamp_gap_exceeds_8_hours
133042,2018_2224359,2,2018-08-05 05:21:00,2018-08-05 15:05:00,9.733333333333333,adjacent_timestamp_gap_exceeds_8_hours
133042,2018_2224361,2,2018-08-12 07:05:00,2018-08-12 15:12:00,8.116666666666667,adjacent_timestamp_gap_exceeds_8_hours
133042,2018_2224363,2,2018-08-18 23:12:00,2018-08-19 14:11:00,14.983333333333333,adjacent_timestamp_gap_exceeds_8_hours
133042,2018_2224365,4,2018-08-25 06:05:00,2018-09-01 16:01:00,147.93333333333334,adjacent_timestamp_gap_exceeds_8_hours
133042,2018_2224367,3,2018-09-21 15:52:00,2018-09-29 15:49:00,168.98333333333332,adjacent_timestamp_gap_exceeds_8_hours
133042,2018_2224369,3,2018-10-07 02:12:00,2018-10-14 13:05:00,165.48333333333332,adjacent_timestamp_gap_exceeds_8_hours
134307,2018_2242010,2,2017-11-10 05:13:00,2017-11-10 18:59:00,13.766666666666667,adjacent_timestamp_gap_exceeds_8_hours
134307,2018_2242014,3,2017-11-17 08:17:00,2017-11-18 19:27:00,34.516666666666666,adjacent_timestamp_gap_exceeds_8_hours
134307,2018_2242040,2,2018-02-17 04:09:00,2018-02-17 15:52:00,11.716666666666667,adjacent_timestamp_gap_exceeds_8_hours
138301,2018_2294064,3,2018-01-05 03:28:00,2018-01-05 15:11:00,9.8,adjacent_timestamp_gap_exceeds_8_hours
138301,2018_2294084,5,2018-03-10 05:50:00,2018-03-11 06:25:00,22.233333333333334,adjacent_timestamp_gap_exceeds_8_hours
138301,2018_2294096,2,2018-04-07 05:31:00,2018-04-07 13:57:00,8.433333333333334,adjacent_timestamp_gap_exceeds_8_hours
140775,2018_2320662,3,2018-02-16 08:02:00,2018-02-25 05:48:00,209.93333333333334,adjacent_timestamp_gap_exceeds_8_hours
141519,2018_2329867,2,2018-02-01 22:27:00,2018-02-02 11:34:00,13.116666666666667,adjacent_timestamp_gap_exceeds_8_hours
141519,2018_2329868,3,2018-02-04 04:18:00,2018-02-18 09:53:00,341.21666666666664,adjacent_timestamp_gap_exceeds_8_hours
147348,2018_2382218,2,2018-08-28 13:27:00,2018-09-17 05:14:00,471.78333333333336,adjacent_timestamp_gap_exceeds_8_hours
147806,2018_2386980,2,2018-03-31 10:40:00,2018-04-01 10:22:00,23.7,adjacent_timestamp_gap_exceeds_8_hours
147806,2018_2387005,2,2018-09-29 06:18:00,2018-09-29 16:14:00,9.933333333333334,adjacent_timestamp_gap_exceeds_8_hours
152722,2018_2446516,2,2017-12-13 22:24:00,2017-12-14 13:13:00,14.816666666666666,adjacent_timestamp_gap_exceeds_8_hours
152722,2018_2446532,2,2018-01-31 10:34:00,2018-02-10 20:04:00,249.5,adjacent_timestamp_gap_exceeds_8_hours
153366,2018_2455175,3,2017-12-24 02:53:00,2017-12-30 04:18:00,145.1,adjacent_timestamp_gap_exceeds_8_hours
153366,2018_2455176,3,2017-12-31 11:09:00,2018-01-01 04:35:00,15.7,adjacent_timestamp_gap_exceeds_8_hours
154835,2018_2474374,2,2018-01-22 06:05:00,2018-01-23 01:05:00,19.0,adjacent_timestamp_gap_exceeds_8_hours
156420,2018_2492958,2,2018-03-24 02:11:00,2018-03-24 15:49:00,13.633333333333333,adjacent_timestamp_gap_exceeds_8_hours
156420,2018_2492960,4,2018-03-27 22:51:00,2018-03-28 17:23:00,12.066666666666666,adjacent_timestamp_gap_exceeds_8_hours
156420,2018_2492961,2,2018-03-30 01:21:00,2018-03-30 11:05:00,9.733333333333333,adjacent_timestamp_gap_exceeds_8_hours
156873,2018_2498125,3,2017-11-19 23:57:00,2017-11-20 15:45:00,11.65,adjacent_timestamp_gap_exceeds_8_hours
159689,2018_2530274,2,2018-01-01 09:14:00,2018-01-06 12:06:00,122.86666666666666,adjacent_timestamp_gap_exceeds_8_hours
159689,2018_2530284,3,2018-02-07 12:05:00,2018-02-09 14:15:00,49.7,adjacent_timestamp_gap_exceeds_8_hours
169053,2018_2620286,5,2018-04-28 23:35:00,2018-05-03 09:58:00,90.76666666666667,adjacent_timestamp_gap_exceeds_8_hours
169053,2018_2620291,3,2018-05-26 19:45:00,2018-06-03 09:37:00,176.5,adjacent_timestamp_gap_exceeds_8_hours
171659,2018_2647173,3,2017-10-14 08:09:00,2017-10-15 01:43:00,17.45,adjacent_timestamp_gap_exceeds_8_hours
184623,2018_2755777,3,2017-11-07 05:03:00,2017-11-07 14:59:00,8.15,adjacent_timestamp_gap_exceeds_8_hours
19379,2018_395285,3,2017-10-06 22:58:00,2017-10-07 08:58:00,8.9,adjacent_timestamp_gap_exceeds_8_hours
19379,2018_395286,4,2017-10-07 23:11:00,2017-10-08 14:24:00,11.483333333333333,adjacent_timestamp_gap_exceeds_8_hours
19379,2018_395287,2,2017-10-08 23:13:00,2017-10-09 14:07:00,14.9,adjacent_timestamp_gap_exceeds_8_hours
19379,2018_395300,3,2017-10-28 01:23:00,2017-10-28 12:47:00,8.583333333333334,adjacent_timestamp_gap_exceeds_8_hours
19379,2018_395301,2,2017-10-29 00:57:00,2017-10-29 10:18:00,9.35,adjacent_timestamp_gap_exceeds_8_hours
19379,2018_395304,2,2017-11-02 23:43:00,2017-11-03 11:58:00,12.25,adjacent_timestamp_gap_exceeds_8_hours
19379,2018_395316,6,2017-11-11 01:36:00,2017-11-12 08:58:00,15.766666666666667,adjacent_timestamp_gap_exceeds_8_hours
19379,2018_395326,3,2017-11-18 21:25:00,2017-11-19 21:05:00,16.033333333333335,adjacent_timestamp_gap_exceeds_8_hours
19379,2018_395328,2,2017-11-24 14:39:00,2017-11-25 15:28:00,24.816666666666666,adjacent_timestamp_gap_exceeds_8_hours
19379,2018_395331,2,2017-12-02 02:35:00,2017-12-02 14:06:00,11.516666666666667,adjacent_timestamp_gap_exceeds_8_hours
19379,2018_395334,2,2017-12-08 15:33:00,2017-12-09 14:41:00,23.133333333333333,adjacent_timestamp_gap_exceeds_8_hours
19379,2018_395335,2,2017-12-10 01:44:00,2017-12-10 11:18:00,9.566666666666666,adjacent_timestamp_gap_exceeds_8_hours
19379,2018_395339,4,2017-12-16 02:11:00,2017-12-16 12:42:00,8.316666666666666,adjacent_timestamp_gap_exceeds_8_hours
19379,2018_395349,2,2017-12-23 02:23:00,2017-12-23 12:34:00,10.183333333333334,adjacent_timestamp_gap_exceeds_8_hours
19379,2018_395350,4,2017-12-23 23:48:00,2017-12-24 21:41:00,10.933333333333334,adjacent_timestamp_gap_exceeds_8_hours
19379,2018_395360,6,2017-12-31 00:07:00,2018-01-02 15:09:00,37.1,adjacent_timestamp_gap_exceeds_8_hours
19379,2018_395379,3,2018-01-20 08:10:00,2018-01-21 11:27:00,24.466666666666665,adjacent_timestamp_gap_exceeds_8_hours
19379,2018_395389,2,2018-02-04 01:05:00,2018-02-04 12:57:00,11.866666666666667,adjacent_timestamp_gap_exceeds_8_hours
19379,2018_395428,4,2018-03-11 01:55:00,2018-03-12 10:04:00,21.133333333333333,adjacent_timestamp_gap_exceeds_8_hours
19379,2018_395439,2,2018-03-21 03:36:00,2018-03-21 11:45:00,8.15,adjacent_timestamp_gap_exceeds_8_hours
19379,2018_395442,2,2018-03-23 13:08:00,2018-03-24 08:36:00,19.466666666666665,adjacent_timestamp_gap_exceeds_8_hours
19379,2018_395443,3,2018-03-24 21:26:00,2018-03-25 21:38:00,17.016666666666666,adjacent_timestamp_gap_exceeds_8_hours
19379,2018_395457,3,2018-04-04 00:13:00,2018-04-04 09:20:00,8.366666666666667,adjacent_timestamp_gap_exceeds_8_hours
19379,2018_395460,4,2018-04-06 15:02:00,2018-04-08 11:25:00,23.816666666666666,adjacent_timestamp_gap_exceeds_8_hours
19379,2018_395466,2,2018-04-11 21:32:00,2018-04-12 11:46:00,14.233333333333333,adjacent_timestamp_gap_exceeds_8_hours
19379,2018_395470,2,2018-04-14 14:04:00,2018-04-15 10:46:00,20.7,adjacent_timestamp_gap_exceeds_8_hours
19379,2018_395481,2,2018-04-21 21:28:00,2018-04-22 11:45:00,14.283333333333333,adjacent_timestamp_gap_exceeds_8_hours
19379,2018_395491,2,2018-04-29 01:15:00,2018-04-29 10:11:00,8.933333333333334,adjacent_timestamp_gap_exceeds_8_hours
19379,2018_395507,2,2018-05-10 21:29:00,2018-05-11 13:47:00,16.3,adjacent_timestamp_gap_exceeds_8_hours
19379,2018_395509,3,2018-05-12 21:24:00,2018-05-13 11:17:00,13.383333333333333,adjacent_timestamp_gap_exceeds_8_hours
19379,2018_395517,2,2018-05-18 12:15:00,2018-05-19 09:36:00,21.35,adjacent_timestamp_gap_exceeds_8_hours
194893,2018_2832618,3,2017-12-16 09:04:00,2017-12-23 08:23:00,165.43333333333334,adjacent_timestamp_gap_exceeds_8_hours
20186,2018_412857,2,2017-10-17 01:55:00,2017-10-17 10:58:00,9.05,adjacent_timestamp_gap_exceeds_8_hours
20186,2018_412860,3,2017-10-19 20:11:00,2017-10-20 11:06:00,14.8,adjacent_timestamp_gap_exceeds_8_hours
20186,2018_412880,2,2017-12-30 04:07:00,2017-12-30 13:49:00,9.7,adjacent_timestamp_gap_exceeds_8_hours
20900,2018_427382,2,2017-11-26 02:01:00,2017-11-26 23:00:00,20.983333333333334,adjacent_timestamp_gap_exceeds_8_hours
2309,2018_50046,2,2017-10-24 02:02:00,2017-10-24 10:42:00,8.666666666666666,adjacent_timestamp_gap_exceeds_8_hours
233032,2018_3106631,4,2018-08-13 07:37:00,2018-08-13 17:08:00,8.483333333333333,adjacent_timestamp_gap_exceeds_8_hours
23925,2018_485928,2,2018-04-06 14:58:00,2018-04-07 19:55:00,28.95,adjacent_timestamp_gap_exceeds_8_hours
23925,2018_485939,5,2018-05-28 12:05:00,2018-06-02 20:05:00,116.35,adjacent_timestamp_gap_exceeds_8_hours
24765,2018_503993,3,2017-10-25 23:48:00,2017-10-26 12:15:00,11.55,adjacent_timestamp_gap_exceeds_8_hours
259163,2018_3271961,3,2018-01-03 08:44:00,2018-01-05 13:25:00,47.11666666666667,adjacent_timestamp_gap_exceeds_8_hours
259163,2018_3271965,3,2018-01-13 13:48:00,2018-01-14 10:55:00,20.816666666666666,adjacent_timestamp_gap_exceeds_8_hours
263152,2018_3295465,4,2018-10-09 09:49:00,2018-10-10 12:47:00,25.733333333333334,adjacent_timestamp_gap_exceeds_8_hours
264627,2018_3303866,2,2017-11-06 21:21:00,2017-11-10 10:28:00,85.11666666666666,adjacent_timestamp_gap_exceeds_8_hours
264627,2018_3303871,3,2017-11-22 06:11:00,2017-11-22 19:59:00,12.916666666666666,adjacent_timestamp_gap_exceeds_8_hours
264627,2018_3303879,2,2017-12-18 00:14:00,2017-12-20 11:10:00,58.93333333333333,adjacent_timestamp_gap_exceeds_8_hours
264627,2018_3303893,2,2018-02-22 06:02:00,2018-02-22 15:33:00,9.516666666666667,adjacent_timestamp_gap_exceeds_8_hours
264627,2018_3303911,4,2018-04-05 18:06:00,2018-04-06 12:31:00,10.083333333333334,adjacent_timestamp_gap_exceeds_8_hours
264627,2018_3303912,3,2018-04-07 00:26:00,2018-04-08 13:46:00,25.95,adjacent_timestamp_gap_exceeds_8_hours
264627,2018_3303928,2,2018-06-02 09:15:00,2018-06-03 00:01:00,14.766666666666667,adjacent_timestamp_gap_exceeds_8_hours
264627,2018_3303933,2,2018-06-23 22:43:00,2018-06-24 10:40:00,11.95,adjacent_timestamp_gap_exceeds_8_hours
264627,2018_3303941,4,2018-07-08 00:59:00,2018-07-09 07:51:00,17.4,adjacent_timestamp_gap_exceeds_8_hours
264627,2018_3303942,2,2018-07-10 01:10:00,2018-07-11 15:07:00,37.95,adjacent_timestamp_gap_exceeds_8_hours
267704,2018_3322361,12,2017-12-20 03:33:00,2017-12-26 13:46:00,136.56666666666666,adjacent_timestamp_gap_exceeds_8_hours
26786,2018_543171,7,2017-10-13 07:20:00,2017-10-15 10:21:00,49.28333333333333,adjacent_timestamp_gap_exceeds_8_hours
26786,2018_543177,5,2017-11-12 02:05:00,2017-11-12 12:25:00,10.0,adjacent_timestamp_gap_exceeds_8_hours
26786,2018_543189,5,2017-12-15 22:08:00,2017-12-16 10:38:00,12.083333333333334,adjacent_timestamp_gap_exceeds_8_hours
26786,2018_543190,5,2017-12-17 04:50:00,2017-12-17 13:21:00,8.05,adjacent_timestamp_gap_exceeds_8_hours
26786,2018_543198,3,2018-01-06 05:16:00,2018-01-06 13:36:00,8.283333333333333,adjacent_timestamp_gap_exceeds_8_hours
26786,2018_543211,5,2018-02-10 05:07:00,2018-02-10 14:17:00,8.55,adjacent_timestamp_gap_exceeds_8_hours
26786,2018_543214,4,2018-02-20 02:35:00,2018-02-21 09:37:00,24.133333333333333,adjacent_timestamp_gap_exceeds_8_hours
26786,2018_543219,7,2018-03-08 00:31:00,2018-03-10 09:22:00,40.06666666666667,adjacent_timestamp_gap_exceeds_8_hours
26786,2018_543224,9,2018-03-21 02:52:00,2018-03-25 09:44:00,90.55,adjacent_timestamp_gap_exceeds_8_hours
26786,2018_543235,7,2018-04-27 22:58:00,2018-04-29 10:50:00,12.633333333333333,adjacent_timestamp_gap_exceeds_8_hours
26786,2018_543247,2,2018-05-27 00:16:00,2018-05-27 11:20:00,11.066666666666666,adjacent_timestamp_gap_exceeds_8_hours
26786,2018_543253,4,2018-06-19 03:54:00,2018-06-19 13:20:00,8.9,adjacent_timestamp_gap_exceeds_8_hours
277915,2018_3383888,3,2017-11-25 03:24:00,2017-11-25 18:17:00,9.516666666666667,adjacent_timestamp_gap_exceeds_8_hours
280210,2018_3396790,3,2018-01-04 05:28:00,2018-01-04 15:24:00,9.483333333333333,adjacent_timestamp_gap_exceeds_8_hours
280210,2018_3396824,2,2018-05-01 00:02:00,2018-05-01 08:28:00,8.433333333333334,adjacent_timestamp_gap_exceeds_8_hours
280210,2018_3396828,4,2018-05-05 10:51:00,2018-05-06 08:44:00,12.316666666666666,adjacent_timestamp_gap_exceeds_8_hours
281448,2018_3403851,5,2018-01-13 02:41:00,2018-01-14 05:57:00,17.95,adjacent_timestamp_gap_exceeds_8_hours
283450,2018_3416097,2,2018-01-21 00:09:00,2018-01-21 12:51:00,12.7,adjacent_timestamp_gap_exceeds_8_hours
283450,2018_3416104,2,2018-02-10 22:49:00,2018-02-11 08:13:00,9.4,adjacent_timestamp_gap_exceeds_8_hours
283450,2018_3416108,2,2018-02-24 23:41:00,2018-02-25 09:16:00,9.583333333333334,adjacent_timestamp_gap_exceeds_8_hours
283450,2018_3416121,3,2018-04-08 00:06:00,2018-04-08 09:43:00,8.45,adjacent_timestamp_gap_exceeds_8_hours
283450,2018_3416125,3,2018-04-20 23:02:00,2018-04-21 08:35:00,9.1,adjacent_timestamp_gap_exceeds_8_hours
283450,2018_3416132,2,2018-05-10 23:39:00,2018-05-11 08:15:00,8.6,adjacent_timestamp_gap_exceeds_8_hours
283450,2018_3416134,4,2018-05-16 06:12:00,2018-05-20 05:57:00,92.01666666666667,adjacent_timestamp_gap_exceeds_8_hours
283450,2018_3416137,6,2018-05-31 23:57:00,2018-06-02 05:41:00,16.116666666666667,adjacent_timestamp_gap_exceeds_8_hours
283450,2018_3416145,3,2018-07-14 20:25:00,2018-07-15 12:40:00,15.733333333333333,adjacent_timestamp_gap_exceeds_8_hours
283450,2018_3416153,7,2018-08-14 22:58:00,2018-09-02 07:16:00,257.23333333333335,adjacent_timestamp_gap_exceeds_8_hours
283450,2018_3416155,5,2018-09-22 23:07:00,2018-10-07 07:34:00,329.26666666666665,adjacent_timestamp_gap_exceeds_8_hours
286142,2018_3433019,2,2018-05-22 08:06:00,2018-05-22 16:38:00,8.533333333333333,adjacent_timestamp_gap_exceeds_8_hours
286142,2018_3433022,5,2018-05-28 09:28:00,2018-05-28 20:16:00,9.4,adjacent_timestamp_gap_exceeds_8_hours
286142,2018_3433032,4,2018-06-17 15:22:00,2018-06-18 13:06:00,15.333333333333334,adjacent_timestamp_gap_exceeds_8_hours
286142,2018_3433034,2,2018-06-21 01:35:00,2018-06-21 12:47:00,11.2,adjacent_timestamp_gap_exceeds_8_hours
286142,2018_3433039,4,2018-06-29 14:14:00,2018-06-30 11:46:00,13.2,adjacent_timestamp_gap_exceeds_8_hours
286382,2018_3434355,2,2018-02-23 23:47:00,2018-02-24 11:50:00,12.05,adjacent_timestamp_gap_exceeds_8_hours
28664,2018_580033,2,2017-12-13 00:46:00,2017-12-13 10:19:00,9.55,adjacent_timestamp_gap_exceeds_8_hours
28664,2018_580037,2,2018-01-08 02:00:00,2018-01-08 12:33:00,10.55,adjacent_timestamp_gap_exceeds_8_hours
28697,2018_580882,4,2017-11-08 08:10:00,2017-11-13 04:42:00,114.16666666666667,adjacent_timestamp_gap_exceeds_8_hours
290806,2018_3462041,3,2017-12-07 01:38:00,2017-12-07 12:15:00,8.8,adjacent_timestamp_gap_exceeds_8_hours
29501,2018_596160,2,2018-05-02 03:39:00,2018-05-02 12:51:00,9.2,adjacent_timestamp_gap_exceeds_8_hours
312594,2018_3593802,2,2018-04-07 01:55:00,2018-04-07 13:00:00,11.083333333333334,adjacent_timestamp_gap_exceeds_8_hours
32545,2018_661960,2,2017-12-24 21:38:00,2017-12-25 10:57:00,13.316666666666666,adjacent_timestamp_gap_exceeds_8_hours
325605,2018_3674448,2,2018-06-17 08:31:00,2018-06-18 02:52:00,18.35,adjacent_timestamp_gap_exceeds_8_hours
325605,2018_3674459,5,2018-08-25 12:24:00,2018-08-26 02:21:00,9.4,adjacent_timestamp_gap_exceeds_8_hours
328941,2018_3694431,3,2018-05-30 05:36:00,2018-06-05 09:34:00,144.55,adjacent_timestamp_gap_exceeds_8_hours
33902,2018_691445,9,2017-10-11 00:58:00,2017-10-11 12:25:00,9.75,adjacent_timestamp_gap_exceeds_8_hours
339444,2018_3757177,2,2018-05-08 11:31:00,2018-05-09 14:46:00,27.25,adjacent_timestamp_gap_exceeds_8_hours
342180,2018_3773305,2,2018-06-26 05:03:00,2018-06-26 13:51:00,8.8,adjacent_timestamp_gap_exceeds_8_hours
342180,2018_3773312,4,2018-07-04 17:31:00,2018-07-05 11:32:00,15.483333333333333,adjacent_timestamp_gap_exceeds_8_hours
34258,2018_698461,8,2017-10-04 13:47:00,2017-10-05 15:06:00,20.183333333333334,adjacent_timestamp_gap_exceeds_8_hours
34258,2018_698464,5,2017-10-09 00:30:00,2017-10-09 13:42:00,12.6,adjacent_timestamp_gap_exceeds_8_hours
34258,2018_698465,5,2017-10-10 03:42:00,2017-10-11 14:09:00,20.45,adjacent_timestamp_gap_exceeds_8_hours
34258,2018_698468,4,2017-10-14 00:42:00,2017-10-15 14:07:00,30.116666666666667,adjacent_timestamp_gap_exceeds_8_hours
34258,2018_698470,4,2017-10-17 04:11:00,2017-10-17 14:15:00,9.883333333333333,adjacent_timestamp_gap_exceeds_8_hours
34258,2018_698477,3,2017-10-25 05:30:00,2017-10-25 14:31:00,8.633333333333333,adjacent_timestamp_gap_exceeds_8_hours
34642,2018_705840,2,2017-12-20 11:00:00,2017-12-22 21:53:00,58.88333333333333,adjacent_timestamp_gap_exceeds_8_hours
34642,2018_705859,3,2018-01-21 21:40:00,2018-01-22 11:38:00,13.6,adjacent_timestamp_gap_exceeds_8_hours
348059,2018_3807510,4,2018-04-10 22:51:00,2018-04-11 07:45:00,8.016666666666667,adjacent_timestamp_gap_exceeds_8_hours
348682,2018_3811331,2,2018-07-24 06:44:00,2018-07-24 17:25:00,10.683333333333334,adjacent_timestamp_gap_exceeds_8_hours
348682,2018_3811340,2,2018-08-29 08:44:00,2018-08-29 17:45:00,9.016666666666667,adjacent_timestamp_gap_exceeds_8_hours
350248,2018_3820532,6,2018-04-13 09:49:00,2018-04-14 12:18:00,21.066666666666666,adjacent_timestamp_gap_exceeds_8_hours
350248,2018_3820538,2,2018-05-05 11:23:00,2018-05-05 22:11:00,10.8,adjacent_timestamp_gap_exceeds_8_hours
350248,2018_3820540,2,2018-05-07 22:07:00,2018-05-08 10:18:00,12.183333333333334,adjacent_timestamp_gap_exceeds_8_hours
356419,2018_3855569,2,2018-04-14 11:34:00,2018-04-15 09:03:00,21.483333333333334,adjacent_timestamp_gap_exceeds_8_hours
356419,2018_3855573,3,2018-04-21 05:53:00,2018-04-21 14:46:00,8.716666666666667,adjacent_timestamp_gap_exceeds_8_hours
35718,2018_727118,2,2018-06-14 07:22:00,2018-06-17 07:43:00,72.35,adjacent_timestamp_gap_exceeds_8_hours
36487,2018_741703,5,2018-03-22 07:13:00,2018-03-23 13:26:00,20.9,adjacent_timestamp_gap_exceeds_8_hours
365381,2018_3903069,6,2018-05-15 09:00:00,2018-05-16 11:25:00,21.183333333333334,adjacent_timestamp_gap_exceeds_8_hours
365381,2018_3903080,2,2018-08-03 06:11:00,2018-08-06 13:23:00,79.2,adjacent_timestamp_gap_exceeds_8_hours
365869,2018_3905343,3,2018-08-03 13:24:00,2018-08-04 14:31:00,24.933333333333334,adjacent_timestamp_gap_exceeds_8_hours
371999,2018_3936423,2,2018-06-18 11:25:00,2018-06-19 12:24:00,24.983333333333334,adjacent_timestamp_gap_exceeds_8_hours
371999,2018_3936424,5,2018-06-20 11:32:00,2018-06-22 11:30:00,23.75,adjacent_timestamp_gap_exceeds_8_hours
371999,2018_3936425,2,2018-06-24 21:30:00,2018-06-25 12:32:00,15.033333333333333,adjacent_timestamp_gap_exceeds_8_hours
371999,2018_3936426,3,2018-06-26 21:39:00,2018-06-27 10:51:00,12.9,adjacent_timestamp_gap_exceeds_8_hours
371999,2018_3936427,5,2018-06-27 21:32:00,2018-06-29 13:03:00,24.416666666666668,adjacent_timestamp_gap_exceeds_8_hours
371999,2018_3936430,5,2018-07-03 14:33:00,2018-07-05 12:41:00,25.45,adjacent_timestamp_gap_exceeds_8_hours
371999,2018_3936437,3,2018-07-11 14:02:00,2018-07-12 13:02:00,22.5,adjacent_timestamp_gap_exceeds_8_hours
371999,2018_3936439,2,2018-07-14 03:49:00,2018-07-16 12:11:00,56.36666666666667,adjacent_timestamp_gap_exceeds_8_hours
371999,2018_3936442,7,2018-07-18 11:39:00,2018-07-23 11:02:00,37.1,adjacent_timestamp_gap_exceeds_8_hours
41088,2018_830971,2,2017-10-11 06:22:00,2017-10-11 14:25:00,8.05,adjacent_timestamp_gap_exceeds_8_hours
41088,2018_830974,2,2017-10-14 22:33:00,2017-10-15 15:32:00,16.983333333333334,adjacent_timestamp_gap_exceeds_8_hours
41088,2018_830979,3,2017-10-22 07:25:00,2017-10-24 15:12:00,47.983333333333334,adjacent_timestamp_gap_exceeds_8_hours
41088,2018_830984,4,2017-11-03 08:50:00,2017-11-04 22:33:00,25.416666666666668,adjacent_timestamp_gap_exceeds_8_hours
41088,2018_830989,2,2017-11-11 00:07:00,2017-11-11 14:15:00,14.133333333333333,adjacent_timestamp_gap_exceeds_8_hours
41088,2018_830995,2,2017-11-23 01:49:00,2017-11-23 14:13:00,12.4,adjacent_timestamp_gap_exceeds_8_hours
41088,2018_830996,3,2017-11-24 07:21:00,2017-11-24 22:33:00,8.616666666666667,adjacent_timestamp_gap_exceeds_8_hours
41088,2018_830998,5,2017-11-26 08:24:00,2017-12-02 22:53:00,80.9,adjacent_timestamp_gap_exceeds_8_hours
41088,2018_831005,2,2017-12-17 01:28:00,2017-12-17 13:11:00,11.716666666666667,adjacent_timestamp_gap_exceeds_8_hours
41088,2018_831023,3,2018-01-20 07:47:00,2018-01-21 05:57:00,14.6,adjacent_timestamp_gap_exceeds_8_hours
41088,2018_831029,7,2018-02-02 15:32:00,2018-02-04 13:04:00,31.016666666666666,adjacent_timestamp_gap_exceeds_8_hours
41088,2018_831033,2,2018-02-11 07:05:00,2018-02-11 22:27:00,15.366666666666667,adjacent_timestamp_gap_exceeds_8_hours
41088,2018_831036,2,2018-02-15 12:45:00,2018-02-15 22:30:00,9.75,adjacent_timestamp_gap_exceeds_8_hours
41902,2018_845382,2,2017-10-04 07:32:00,2017-10-05 02:20:00,18.8,adjacent_timestamp_gap_exceeds_8_hours
41902,2018_845384,6,2017-10-12 02:01:00,2017-10-19 02:22:00,92.0,adjacent_timestamp_gap_exceeds_8_hours
41902,2018_845385,6,2017-10-24 01:29:00,2017-10-26 02:46:00,22.583333333333332,adjacent_timestamp_gap_exceeds_8_hours
41902,2018_845389,4,2017-10-30 04:20:00,2017-11-06 04:42:00,97.8,adjacent_timestamp_gap_exceeds_8_hours
41902,2018_845392,2,2017-11-09 08:49:00,2017-11-10 03:56:00,19.116666666666667,adjacent_timestamp_gap_exceeds_8_hours
41902,2018_845401,3,2017-12-04 02:36:00,2017-12-07 01:26:00,46.6,adjacent_timestamp_gap_exceeds_8_hours
41902,2018_845404,3,2017-12-12 02:58:00,2017-12-14 02:17:00,25.25,adjacent_timestamp_gap_exceeds_8_hours
41902,2018_845406,5,2017-12-16 03:47:00,2017-12-19 03:57:00,42.45,adjacent_timestamp_gap_exceeds_8_hours
41902,2018_845409,2,2017-12-26 03:38:00,2017-12-27 03:56:00,24.3,adjacent_timestamp_gap_exceeds_8_hours
41902,2018_845415,3,2018-01-11 04:13:00,2018-01-16 04:56:00,96.35,adjacent_timestamp_gap_exceeds_8_hours
41902,2018_845416,2,2018-01-17 03:45:00,2018-01-19 03:57:00,48.2,adjacent_timestamp_gap_exceeds_8_hours
41902,2018_845417,3,2018-01-24 04:11:00,2018-01-26 03:01:00,24.316666666666666,adjacent_timestamp_gap_exceeds_8_hours
41902,2018_845423,2,2018-02-07 08:53:00,2018-02-08 01:39:00,16.766666666666666,adjacent_timestamp_gap_exceeds_8_hours
41902,2018_845426,2,2018-02-16 03:36:00,2018-02-19 03:44:00,72.13333333333334,adjacent_timestamp_gap_exceeds_8_hours
41902,2018_845432,2,2018-03-05 08:46:00,2018-03-06 04:12:00,19.433333333333334,adjacent_timestamp_gap_exceeds_8_hours
45189,2018_907308,2,2017-11-07 23:57:00,2017-11-08 08:42:00,8.75,adjacent_timestamp_gap_exceeds_8_hours
45189,2018_907309,3,2017-11-12 05:03:00,2017-11-12 14:27:00,8.8,adjacent_timestamp_gap_exceeds_8_hours
45189,2018_907317,2,2017-12-26 05:55:00,2017-12-26 15:28:00,9.55,adjacent_timestamp_gap_exceeds_8_hours
45205,2018_907472,3,2017-11-06 03:38:00,2017-11-06 14:28:00,9.95,adjacent_timestamp_gap_exceeds_8_hours
45205,2018_907476,3,2017-11-27 03:14:00,2017-11-30 17:50:00,75.4,adjacent_timestamp_gap_exceeds_8_hours
45205,2018_907480,2,2017-12-05 15:29:00,2017-12-08 02:38:00,59.15,adjacent_timestamp_gap_exceeds_8_hours
45205,2018_907490,5,2018-01-14 02:53:00,2018-01-14 15:47:00,11.716666666666667,adjacent_timestamp_gap_exceeds_8_hours
45205,2018_907500,2,2018-02-11 12:40:00,2018-02-12 16:14:00,27.566666666666666,adjacent_timestamp_gap_exceeds_8_hours
45205,2018_907505,2,2018-02-24 20:40:00,2018-02-25 19:08:00,22.466666666666665,adjacent_timestamp_gap_exceeds_8_hours
45205,2018_907509,2,2018-03-03 19:46:00,2018-03-04 14:10:00,18.4,adjacent_timestamp_gap_exceeds_8_hours
45205,2018_907515,2,2018-03-17 06:05:00,2018-03-17 15:06:00,9.016666666666667,adjacent_timestamp_gap_exceeds_8_hours
45205,2018_907519,5,2018-03-24 18:55:00,2018-03-25 10:10:00,11.966666666666667,adjacent_timestamp_gap_exceeds_8_hours
45205,2018_907521,5,2018-04-01 09:31:00,2018-04-02 13:26:00,16.833333333333332,adjacent_timestamp_gap_exceeds_8_hours
45205,2018_907533,3,2018-05-16 05:46:00,2018-05-22 17:10:00,147.45,adjacent_timestamp_gap_exceeds_8_hours
45205,2018_907537,4,2018-06-04 04:46:00,2018-06-07 16:30:00,75.46666666666667,adjacent_timestamp_gap_exceeds_8_hours
45205,2018_907545,4,2018-06-26 03:17:00,2018-06-26 17:11:00,12.7,adjacent_timestamp_gap_exceeds_8_hours
45205,2018_907547,10,2018-07-03 09:34:00,2018-07-08 09:15:00,99.06666666666666,adjacent_timestamp_gap_exceeds_8_hours
45205,2018_907556,4,2018-08-08 02:46:00,2018-08-08 16:25:00,8.616666666666667,adjacent_timestamp_gap_exceeds_8_hours
45205,2018_907585,3,2018-10-13 13:44:00,2018-10-14 13:55:00,23.383333333333333,adjacent_timestamp_gap_exceeds_8_hours
51031,2018_1023531,6,2018-03-16 22:20:00,2018-03-17 13:01:00,8.533333333333333,adjacent_timestamp_gap_exceeds_8_hours
51516,2018_1033106,3,2018-08-13 03:10:00,2018-08-13 20:20:00,10.166666666666666,adjacent_timestamp_gap_exceeds_8_hours
52894,2018_1058957,3,2017-10-28 01:20:00,2017-10-28 15:06:00,10.45,adjacent_timestamp_gap_exceeds_8_hours
53205,2018_1065500,3,2017-11-08 10:56:00,2017-11-11 10:42:00,71.38333333333334,adjacent_timestamp_gap_exceeds_8_hours
53205,2018_1065542,2,2018-07-13 10:42:00,2018-07-17 08:46:00,94.06666666666666,adjacent_timestamp_gap_exceeds_8_hours
55985,2018_1115812,2,2017-11-05 03:12:00,2017-11-05 12:43:00,9.516666666666667,adjacent_timestamp_gap_exceeds_8_hours
60393,2018_1190474,4,2017-10-07 06:59:00,2017-10-07 16:39:00,8.933333333333334,adjacent_timestamp_gap_exceeds_8_hours
60393,2018_1190500,6,2017-12-13 01:25:00,2017-12-14 08:58:00,21.683333333333334,adjacent_timestamp_gap_exceeds_8_hours
60393,2018_1190509,2,2018-01-11 01:07:00,2018-01-13 03:59:00,50.86666666666667,adjacent_timestamp_gap_exceeds_8_hours
60393,2018_1190551,6,2018-04-14 01:45:00,2018-04-16 02:28:00,36.6,adjacent_timestamp_gap_exceeds_8_hours
60393,2018_1190565,2,2018-05-28 22:44:00,2018-05-29 12:26:00,13.7,adjacent_timestamp_gap_exceeds_8_hours
60393,2018_1190584,2,2018-07-07 02:46:00,2018-07-07 13:39:00,10.883333333333333,adjacent_timestamp_gap_exceeds_8_hours
70564,2018_1332694,2,2018-05-04 23:32:00,2018-05-05 09:15:00,9.716666666666667,adjacent_timestamp_gap_exceeds_8_hours
70703,2018_1335123,3,2018-05-02 13:21:00,2018-05-31 12:11:00,694.4,adjacent_timestamp_gap_exceeds_8_hours
72210,2018_1357864,3,2017-11-13 03:45:00,2017-11-14 04:52:00,22.083333333333332,adjacent_timestamp_gap_exceeds_8_hours
72210,2018_1357871,2,2017-12-18 06:19:00,2017-12-20 11:31:00,53.2,adjacent_timestamp_gap_exceeds_8_hours
72210,2018_1357873,3,2018-01-11 04:22:00,2018-01-12 09:07:00,25.483333333333334,adjacent_timestamp_gap_exceeds_8_hours
72444,2018_1361359,2,2017-12-26 04:36:00,2017-12-27 13:50:00,33.233333333333334,adjacent_timestamp_gap_exceeds_8_hours
72444,2018_1361362,2,2018-01-05 12:30:00,2018-01-07 08:59:00,44.483333333333334,adjacent_timestamp_gap_exceeds_8_hours
72444,2018_1361370,2,2018-02-20 22:05:00,2018-02-25 12:57:00,110.86666666666666,adjacent_timestamp_gap_exceeds_8_hours
72444,2018_1361376,2,2018-03-22 21:35:00,2018-03-23 10:22:00,12.783333333333333,adjacent_timestamp_gap_exceeds_8_hours
72444,2018_1361381,2,2018-04-30 09:28:00,2018-05-02 14:15:00,52.78333333333333,adjacent_timestamp_gap_exceeds_8_hours
72444,2018_1361385,2,2018-05-12 23:52:00,2018-05-13 13:48:00,13.933333333333334,adjacent_timestamp_gap_exceeds_8_hours
72444,2018_1361388,2,2018-05-25 10:06:00,2018-05-27 13:30:00,51.4,adjacent_timestamp_gap_exceeds_8_hours
72444,2018_1361400,2,2018-08-14 21:55:00,2018-08-15 14:15:00,16.333333333333332,adjacent_timestamp_gap_exceeds_8_hours
72444,2018_1361401,2,2018-08-16 03:15:00,2018-08-16 14:19:00,11.066666666666666,adjacent_timestamp_gap_exceeds_8_hours
76264,2018_1422620,3,2017-10-14 07:44:00,2017-10-21 01:32:00,161.7,adjacent_timestamp_gap_exceeds_8_hours
76264,2018_1422625,7,2017-10-27 10:50:00,2017-10-31 06:16:00,64.13333333333334,adjacent_timestamp_gap_exceeds_8_hours
78286,2018_1453191,3,2018-05-05 06:39:00,2018-05-05 17:54:00,8.75,adjacent_timestamp_gap_exceeds_8_hours
78286,2018_1453214,2,2018-06-06 06:16:00,2018-06-06 18:08:00,11.866666666666667,adjacent_timestamp_gap_exceeds_8_hours
78286,2018_1453218,3,2018-07-14 11:35:00,2018-09-30 01:35:00,1855.5833333333333,adjacent_timestamp_gap_exceeds_8_hours
79139,2018_1466949,5,2017-11-21 01:21:00,2017-11-23 07:16:00,48.55,adjacent_timestamp_gap_exceeds_8_hours
79719,2018_1475334,4,2017-10-11 15:31:00,2017-10-12 00:45:00,8.5,adjacent_timestamp_gap_exceeds_8_hours
79719,2018_1475336,3,2017-10-17 07:24:00,2017-10-17 16:56:00,9.233333333333333,adjacent_timestamp_gap_exceeds_8_hours
79719,2018_1475342,2,2017-10-29 15:16:00,2017-11-04 00:13:00,128.95,adjacent_timestamp_gap_exceeds_8_hours
79719,2018_1475346,2,2017-11-17 05:17:00,2017-11-17 14:32:00,9.25,adjacent_timestamp_gap_exceeds_8_hours
79719,2018_1475363,2,2018-01-03 08:10:00,2018-01-04 05:19:00,21.15,adjacent_timestamp_gap_exceeds_8_hours
79719,2018_1475388,3,2018-04-10 23:58:00,2018-04-11 16:07:00,8.95,adjacent_timestamp_gap_exceeds_8_hours
79719,2018_1475390,4,2018-04-13 03:09:00,2018-04-13 21:30:00,10.55,adjacent_timestamp_gap_exceeds_8_hours
80051,2018_1480017,2,2017-11-26 02:28:00,2017-11-26 12:17:00,9.816666666666666,adjacent_timestamp_gap_exceeds_8_hours
80480,2018_1486511,3,2017-11-05 02:34:00,2017-11-09 09:04:00,102.1,adjacent_timestamp_gap_exceeds_8_hours
80480,2018_1486513,6,2017-11-17 04:27:00,2017-12-09 13:43:00,313.5,adjacent_timestamp_gap_exceeds_8_hours
80480,2018_1486516,3,2017-12-18 06:19:00,2017-12-21 08:30:00,73.61666666666666,adjacent_timestamp_gap_exceeds_8_hours
80480,2018_1486521,2,2018-01-07 11:19:00,2018-01-12 09:48:00,118.48333333333333,adjacent_timestamp_gap_exceeds_8_hours
86988,2018_1596281,2,2017-10-30 02:06:00,2017-10-30 10:59:00,8.883333333333333,adjacent_timestamp_gap_exceeds_8_hours
86988,2018_1596298,3,2018-02-05 09:24:00,2018-02-11 13:51:00,147.85,adjacent_timestamp_gap_exceeds_8_hours
86988,2018_1596299,4,2018-02-12 02:30:00,2018-02-15 12:32:00,75.18333333333334,adjacent_timestamp_gap_exceeds_8_hours
86988,2018_1596301,3,2018-02-19 00:55:00,2018-02-25 12:44:00,150.46666666666667,adjacent_timestamp_gap_exceeds_8_hours
86988,2018_1596320,2,2018-04-02 23:46:00,2018-04-03 12:21:00,12.583333333333334,adjacent_timestamp_gap_exceeds_8_hours
86988,2018_1596321,2,2018-04-06 00:01:00,2018-04-06 11:35:00,11.566666666666666,adjacent_timestamp_gap_exceeds_8_hours
86988,2018_1596329,2,2018-04-27 02:21:00,2018-04-27 10:35:00,8.233333333333333,adjacent_timestamp_gap_exceeds_8_hours
87391,2018_1602163,8,2017-10-07 06:13:00,2017-10-08 12:41:00,17.633333333333333,adjacent_timestamp_gap_exceeds_8_hours
87391,2018_1602169,3,2017-10-21 02:12:00,2017-10-21 14:26:00,12.033333333333333,adjacent_timestamp_gap_exceeds_8_hours
88625,2018_1619223,7,2017-12-02 08:56:00,2017-12-07 11:50:00,92.98333333333333,adjacent_timestamp_gap_exceeds_8_hours
88625,2018_1619224,3,2017-12-09 11:40:00,2017-12-10 11:48:00,21.716666666666665,adjacent_timestamp_gap_exceeds_8_hours
88625,2018_1619233,2,2018-01-13 15:21:00,2018-01-14 13:12:00,21.85,adjacent_timestamp_gap_exceeds_8_hours
88625,2018_1619243,3,2018-02-10 14:24:00,2018-02-10 23:12:00,8.716666666666667,adjacent_timestamp_gap_exceeds_8_hours
88793,2018_1621572,2,2017-10-29 02:39:00,2017-10-29 11:15:00,8.6,adjacent_timestamp_gap_exceeds_8_hours
97607,2018_1730300,2,2018-05-01 23:27:00,2018-05-02 14:28:00,15.016666666666667,adjacent_timestamp_gap_exceeds_8_hours
