query_id,user_id,query_type,candidate_count,seed_count,seed_event_ids,positive_seed_count,personalization_sum,ppr_event_score_sum,ppr_all_node_score_sum,nonzero_ppr_event_count,projected_node_count,projected_edge_count,connected_component_count,seeded_component_count,unseeded_component_count
tokyo_100159_relational_after,100159,relational_after,44,5,"[""2018_1765837__event_001"",""2018_1765805__event_001"",""2018_1765800__event_002"",""2018_1765823__event_001"",""2018_1765825__event_002""]",5,1,0.729278043320919,1,44,96,133,1,1,0
tokyo_100159_semantic,100159,semantic,44,5,"[""2018_1765805__event_002"",""2018_1765837__event_002"",""2018_1765827__event_002"",""2018_1765827__event_001"",""2018_1765823__event_002""]",5,1,0.725359736498956,1,44,96,133,1,1,0
tokyo_100159_temporal_spatial,100159,temporal_spatial,44,5,"[""2018_1765792__event_002"",""2018_1765827__event_001"",""2018_1765792__event_001"",""2018_1765816__event_001"",""2018_1765827__event_002""]",5,1,0.722877011374662,1,44,96,133,1,1,0
tokyo_100312_relational_after,100312,relational_after,70,5,"[""2018_1767876__event_001"",""2018_1767921__event_001"",""2018_1767895__event_001"",""2018_1767913__event_001"",""2018_1767905__event_001""]",5,1,0.742189251740324,1,70,156,208,2,1,1
tokyo_100312_semantic,100312,semantic,70,5,"[""2018_1767925__event_002"",""2018_1767958__event_002"",""2018_1767887__event_002"",""2018_1767913__event_002"",""2018_1767941__event_002""]",5,1,0.727103409318499,1,70,156,208,2,1,1
tokyo_100312_temporal_spatial,100312,temporal_spatial,70,5,"[""2018_1767957__event_002"",""2018_1767964__event_002"",""2018_1767958__event_002"",""2018_1767941__event_002"",""2018_1767935__event_002""]",5,1,0.722008447681243,1,70,156,208,2,1,1
tokyo_100677_relational_after,100677,relational_after,20,5,"[""2018_1773206__event_002"",""2018_1773210__event_002"",""2018_1773210__event_001"",""2018_1773205__event_001"",""2018_1773227__event_002""]",5,1,0.71719839371937,1,20,55,65,3,1,2
tokyo_100677_semantic,100677,semantic,20,5,"[""2018_1773217__event_002"",""2018_1773220__event_002"",""2018_1773220__event_001"",""2018_1773210__event_001"",""2018_1773208__event_002""]",5,1,0.721108029885699,1,20,55,65,3,2,1
tokyo_100677_temporal_spatial,100677,temporal_spatial,20,5,"[""2018_1773220__event_001"",""2018_1773220__event_002"",""2018_1773204__event_002"",""2018_1773204__event_001"",""2018_1773233__event_002""]",5,1,0.722798722015457,1,20,55,65,3,1,2
tokyo_101467_relational_after,101467,relational_after,42,5,"[""2018_1784994__event_003"",""2018_1784994__event_002"",""2018_1784994__event_004"",""2018_1784994__event_001"",""2018_1784990__event_001""]",5,1,0.746850038457356,1,42,113,140,4,1,3
tokyo_101467_semantic,101467,semantic,42,5,"[""2018_1784986__event_002"",""2018_1784988__event_002"",""2018_1784986__event_001"",""2018_1784993__event_002"",""2018_1785000__event_003""]",5,1,0.71885113712945,1,42,113,140,4,1,3
tokyo_101467_temporal_spatial,101467,temporal_spatial,42,5,"[""2018_1785009__event_001"",""2018_1785004__event_001"",""2018_1785003__event_002"",""2018_1784985__event_002"",""2018_1784989__event_002""]",5,1,0.730251870949981,1,42,113,140,4,1,3
tokyo_103621_relational_after,103621,relational_after,26,5,"[""2018_1816122__event_001"",""2018_1816122__event_002"",""2018_1816137__event_001"",""2018_1816118__event_001"",""2018_1816137__event_002""]",5,1,0.728509795103313,1,26,62,78,1,1,0
tokyo_103621_semantic,103621,semantic,26,5,"[""2018_1816137__event_002"",""2018_1816129__event_001"",""2018_1816131__event_002"",""2018_1816127__event_001"",""2018_1816122__event_002""]",5,1,0.733914355569352,1,26,62,78,1,1,0
tokyo_103621_temporal_spatial,103621,temporal_spatial,26,5,"[""2018_1816124__event_001"",""2018_1816112__event_001"",""2018_1816125__event_001"",""2018_1816125__event_002"",""2018_1816129__event_002""]",5,1,0.721103893477083,1,26,62,78,1,1,0
tokyo_106628_relational_after,106628,relational_after,88,5,"[""2018_1860406__event_003"",""2018_1860406__event_002"",""2018_1860419__event_002"",""2018_1860378__event_003"",""2018_1860419__event_001""]",5,1,0.739170482189157,1,88,218,281,2,1,1
tokyo_106628_semantic,106628,semantic,88,5,"[""2018_1860405__event_002"",""2018_1860443__event_003"",""2018_1860421__event_003"",""2018_1860443__event_002"",""2018_1860405__event_001""]",5,1,0.732917232881638,1,88,218,281,2,1,1
tokyo_106628_temporal_spatial,106628,temporal_spatial,88,5,"[""2018_1860435__event_002"",""2018_1860444__event_001"",""2018_1860394__event_002"",""2018_1860423__event_002"",""2018_1860391__event_003""]",5,1,0.735765163516962,1,88,218,281,2,1,1
tokyo_109617_relational_after,109617,relational_after,69,5,"[""2018_1909184__event_001"",""2018_1909144__event_001"",""2018_1909144__event_002"",""2018_1909199__event_001"",""2018_1909157__event_003""]",5,1,0.725316639319329,1,69,165,215,2,1,1
tokyo_109617_semantic,109617,semantic,69,5,"[""2018_1909178__event_001"",""2018_1909181__event_001"",""2018_1909181__event_002"",""2018_1909213__event_002"",""2018_1909214__event_003""]",5,1,0.734509063852558,1,69,165,215,2,2,0
tokyo_109617_temporal_spatial,109617,temporal_spatial,69,5,"[""2018_1909213__event_001"",""2018_1909138__event_002"",""2018_1909198__event_001"",""2018_1909181__event_002"",""2018_1909181__event_001""]",5,1,0.727154868218151,1,69,165,215,2,1,1
tokyo_109621_relational_after,109621,relational_after,92,5,"[""2018_1909384__event_001"",""2018_1909390__event_004"",""2018_1909383__event_003"",""2018_1909384__event_002"",""2018_1909372__event_004""]",5,1,0.735851791463959,1,92,213,310,2,1,1
tokyo_109621_semantic,109621,semantic,92,5,"[""2018_1909374__event_005"",""2018_1909371__event_001"",""2018_1909388__event_002"",""2018_1909374__event_002"",""2018_1909372__event_001""]",5,1,0.73314939741852,1,92,213,310,2,1,1
tokyo_109621_temporal_spatial,109621,temporal_spatial,92,5,"[""2018_1909385__event_002"",""2018_1909388__event_001"",""2018_1909388__event_002"",""2018_1909378__event_003"",""2018_1909395__event_001""]",5,1,0.723135858658993,1,92,213,310,2,2,0
tokyo_113499_relational_after,113499,relational_after,37,5,"[""2018_1959244__event_001"",""2018_1959238__event_001"",""2018_1959244__event_002"",""2018_1959238__event_002"",""2018_1959234__event_002""]",5,1,0.734290021867678,1,37,83,110,1,1,0
tokyo_113499_semantic,113499,semantic,37,5,"[""2018_1959247__event_001"",""2018_1959247__event_002"",""2018_1959250__event_001"",""2018_1959236__event_001"",""2018_1959251__event_001""]",5,1,0.722528453335636,1,37,83,110,1,1,0
tokyo_113499_temporal_spatial,113499,temporal_spatial,37,5,"[""2018_1959250__event_001"",""2018_1959250__event_002"",""2018_1959247__event_002"",""2018_1959243__event_001"",""2018_1959251__event_002""]",5,1,0.734755885741523,1,37,83,110,1,1,0
tokyo_113897_relational_after,113897,relational_after,39,5,"[""2018_1963899__event_002"",""2018_1963899__event_001"",""2018_1963895__event_002"",""2018_1963883__event_002"",""2018_1963883__event_001""]",5,1,0.726908567020946,1,39,89,118,1,1,0
tokyo_113897_semantic,113897,semantic,39,5,"[""2018_1963910__event_002"",""2018_1963882__event_001"",""2018_1963899__event_001"",""2018_1963913__event_003"",""2018_1963925__event_001""]",5,1,0.718598362278881,1,39,89,118,1,1,0
tokyo_113897_temporal_spatial,113897,temporal_spatial,39,5,"[""2018_1963902__event_002"",""2018_1963911__event_003"",""2018_1963913__event_002"",""2018_1963921__event_002"",""2018_1963882__event_002""]",5,1,0.746393222166483,1,39,89,118,1,1,0
tokyo_115855_relational_after,115855,relational_after,22,5,"[""2018_1984790__event_004"",""2018_1984790__event_002"",""2018_1984790__event_003"",""2018_1984806__event_001"",""2018_1984807__event_001""]",5,1,0.750637785996551,1,22,57,70,3,1,2
tokyo_115855_semantic,115855,semantic,22,5,"[""2018_1984781__event_001"",""2018_1984800__event_002"",""2018_1984790__event_004"",""2018_1984790__event_002"",""2018_1984800__event_001""]",5,1,0.735599220280612,1,22,57,70,3,2,1
tokyo_115855_temporal_spatial,115855,temporal_spatial,22,5,"[""2018_1984792__event_001"",""2018_1984792__event_002"",""2018_1984800__event_001"",""2018_1984781__event_002"",""2018_1984791__event_002""]",5,1,0.720801713376545,1,22,57,70,3,2,1
tokyo_1172_relational_after,1172,relational_after,73,5,"[""2018_23942__event_003"",""2018_23942__event_002"",""2018_23917__event_002"",""2018_23917__event_001"",""2018_23942__event_001""]",5,1,0.734090824980989,1,73,153,218,2,1,1
tokyo_1172_semantic,1172,semantic,73,5,"[""2018_23905__event_001"",""2018_23931__event_001"",""2018_23929__event_001"",""2018_23868__event_003"",""2018_23870__event_001""]",5,1,0.726251058473449,1,73,153,218,2,1,1
tokyo_1172_temporal_spatial,1172,temporal_spatial,73,5,"[""2018_23894__event_002"",""2018_23928__event_002"",""2018_23931__event_001"",""2018_23929__event_001"",""2018_23879__event_002""]",5,1,0.739856535368993,1,73,153,218,2,1,1
tokyo_119597_relational_after,119597,relational_after,37,5,"[""2018_2023466__event_002"",""2018_2023466__event_001"",""2018_2023466__event_003"",""2018_2023460__event_001"",""2018_2023481__event_003""]",5,1,0.745280798092095,1,37,81,115,1,1,0
tokyo_119597_semantic,119597,semantic,37,5,"[""2018_2023491__event_002"",""2018_2023481__event_004"",""2018_2023473__event_002"",""2018_2023460__event_003"",""2018_2023503__event_002""]",5,1,0.719736153601224,1,37,81,115,1,1,0
tokyo_119597_temporal_spatial,119597,temporal_spatial,37,5,"[""2018_2023484__event_004"",""2018_2023474__event_002"",""2018_2023484__event_001"",""2018_2023491__event_002"",""2018_2023484__event_005""]",5,1,0.73815647277696,1,37,81,115,1,1,0
tokyo_121554_relational_after,121554,relational_after,31,5,"[""2018_2047595__event_001"",""2018_2047610__event_001"",""2018_2047595__event_002"",""2018_2047610__event_002"",""2018_2047609__event_002""]",5,1,0.737470508889534,1,31,72,95,2,1,1
tokyo_121554_semantic,121554,semantic,31,5,"[""2018_2047617__event_001"",""2018_2047606__event_004"",""2018_2047607__event_002"",""2018_2047604__event_002"",""2018_2047595__event_002""]",5,1,0.737418840541044,1,31,72,95,2,2,0
tokyo_121554_temporal_spatial,121554,temporal_spatial,31,5,"[""2018_2047595__event_001"",""2018_2047610__event_001"",""2018_2047610__event_002"",""2018_2047595__event_002"",""2018_2047604__event_002""]",5,1,0.732388371258261,1,31,72,95,2,1,1
tokyo_126183_relational_after,126183,relational_after,71,5,"[""2018_2118382__event_003"",""2018_2118390__event_002"",""2018_2118390__event_003"",""2018_2118382__event_002"",""2018_2118390__event_001""]",5,1,0.756636135888868,1,71,145,212,3,1,2
tokyo_126183_semantic,126183,semantic,71,5,"[""2018_2118349__event_002"",""2018_2118374__event_001"",""2018_2118411__event_001"",""2018_2118370__event_002"",""2018_2118352__event_002""]",5,1,0.738480193030652,1,71,145,212,3,3,0
tokyo_126183_temporal_spatial,126183,temporal_spatial,71,5,"[""2018_2118374__event_002"",""2018_2118370__event_003"",""2018_2118382__event_003"",""2018_2118364__event_002"",""2018_2118392__event_003""]",5,1,0.727571265015617,1,71,145,212,3,1,2
tokyo_127201_relational_after,127201,relational_after,38,5,"[""2018_2134912__event_002"",""2018_2134938__event_005"",""2018_2134912__event_003"",""2018_2134912__event_001"",""2018_2134938__event_006""]",5,1,0.74334462972744,1,38,97,124,1,1,0
tokyo_127201_semantic,127201,semantic,38,5,"[""2018_2134917__event_001"",""2018_2134938__event_002"",""2018_2134922__event_001"",""2018_2134919__event_001"",""2018_2134924__event_001""]",5,1,0.727935106339628,1,38,97,124,1,1,0
tokyo_127201_temporal_spatial,127201,temporal_spatial,38,5,"[""2018_2134912__event_002"",""2018_2134938__event_005"",""2018_2134938__event_006"",""2018_2134912__event_001"",""2018_2134938__event_004""]",5,1,0.752968258195997,1,38,97,124,1,1,0
tokyo_129047_relational_after,129047,relational_after,21,5,"[""2018_2163684__event_001"",""2018_2163684__event_002"",""2018_2163669__event_001"",""2018_2163671__event_001"",""2018_2163674__event_001""]",5,1,0.726923189253113,1,21,40,59,1,1,0
tokyo_129047_semantic,129047,semantic,21,5,"[""2018_2163670__event_002"",""2018_2163670__event_003"",""2018_2163682__event_002"",""2018_2163669__event_001"",""2018_2163686__event_002""]",5,1,0.745286446747805,1,21,40,59,1,1,0
tokyo_129047_temporal_spatial,129047,temporal_spatial,21,5,"[""2018_2163670__event_003"",""2018_2163670__event_002"",""2018_2163671__event_002"",""2018_2163674__event_002"",""2018_2163682__event_002""]",5,1,0.746130578211529,1,21,40,59,1,1,0
tokyo_130084_relational_after,130084,relational_after,79,5,"[""2018_2179339__event_001"",""2018_2179326__event_002"",""2018_2179339__event_002"",""2018_2179326__event_001"",""2018_2179302__event_001""]",5,1,0.733305628038886,1,79,165,232,3,1,2
tokyo_130084_semantic,130084,semantic,79,5,"[""2018_2179333__event_001"",""2018_2179323__event_002"",""2018_2179323__event_001"",""2018_2179326__event_001"",""2018_2179338__event_001""]",5,1,0.724687859968972,1,79,165,232,3,2,1
tokyo_130084_temporal_spatial,130084,temporal_spatial,79,5,"[""2018_2179329__event_003"",""2018_2179323__event_002"",""2018_2179310__event_002"",""2018_2179310__event_001"",""2018_2179326__event_001""]",5,1,0.720530539758958,1,79,165,232,3,3,0
tokyo_130568_relational_after,130568,relational_after,34,5,"[""2018_2187169__event_001"",""2018_2187169__event_002"",""2018_2187173__event_003"",""2018_2187173__event_002"",""2018_2187164__event_002""]",5,1,0.741956443355496,1,34,85,115,1,1,0
tokyo_130568_semantic,130568,semantic,34,5,"[""2018_2187171__event_001"",""2018_2187173__event_001"",""2018_2187166__event_002"",""2018_2187170__event_003"",""2018_2187163__event_002""]",5,1,0.728540055739743,1,34,85,115,1,1,0
tokyo_130568_temporal_spatial,130568,temporal_spatial,34,5,"[""2018_2187173__event_005"",""2018_2187162__event_001"",""2018_2187173__event_006"",""2018_2187163__event_001"",""2018_2187163__event_002""]",5,1,0.743619914856975,1,34,85,115,1,1,0
tokyo_130777_relational_after,130777,relational_after,34,5,"[""2018_2190768__event_002"",""2018_2190688__event_001"",""2018_2190768__event_003"",""2018_2190768__event_001"",""2018_2190718__event_002""]",5,1,0.746286192101583,1,34,85,110,3,1,2
tokyo_130777_semantic,130777,semantic,34,5,"[""2018_2190763__event_002"",""2018_2190702__event_001"",""2018_2190688__event_003"",""2018_2190702__event_002"",""2018_2190696__event_003""]",5,1,0.720639722002438,1,34,85,110,3,2,1
tokyo_130777_temporal_spatial,130777,temporal_spatial,34,5,"[""2018_2190702__event_001"",""2018_2190702__event_002"",""2018_2190703__event_002"",""2018_2190696__event_003"",""2018_2190713__event_001""]",5,1,0.729869429163874,1,34,85,110,3,2,1
tokyo_130872_relational_after,130872,relational_after,34,5,"[""2018_2192458__event_001"",""2018_2192448__event_001"",""2018_2192468__event_001"",""2018_2192461__event_001"",""2018_2192457__event_003""]",5,1,0.719579932266787,1,34,79,107,1,1,0
tokyo_130872_semantic,130872,semantic,34,5,"[""2018_2192451__event_003"",""2018_2192476__event_001"",""2018_2192445__event_002"",""2018_2192464__event_002"",""2018_2192458__event_001""]",5,1,0.73242570712092,1,34,79,107,1,1,0
tokyo_130872_temporal_spatial,130872,temporal_spatial,34,5,"[""2018_2192476__event_001"",""2018_2192458__event_001"",""2018_2192448__event_001"",""2018_2192468__event_001"",""2018_2192469__event_001""]",5,1,0.719098157959099,1,34,79,107,1,1,0
tokyo_131525_relational_after,131525,relational_after,36,5,"[""2018_2202067__event_002"",""2018_2202067__event_001"",""2018_2202061__event_001"",""2018_2202061__event_002"",""2018_2202056__event_003""]",5,1,0.729587653297281,1,36,83,109,1,1,0
tokyo_131525_semantic,131525,semantic,36,5,"[""2018_2202078__event_002"",""2018_2202086__event_002"",""2018_2202062__event_001"",""2018_2202084__event_002"",""2018_2202065__event_003""]",5,1,0.735951740280269,1,36,83,109,1,1,0
tokyo_131525_temporal_spatial,131525,temporal_spatial,36,5,"[""2018_2202069__event_002"",""2018_2202084__event_001"",""2018_2202071__event_003"",""2018_2202076__event_001"",""2018_2202069__event_001""]",5,1,0.72804252835809,1,36,83,109,1,1,0
tokyo_132723_relational_after,132723,relational_after,48,5,"[""2018_2219866__event_002"",""2018_2219917__event_002"",""2018_2219894__event_002"",""2018_2219871__event_001"",""2018_2219866__event_001""]",5,1,0.737666920717619,1,48,115,148,1,1,0
tokyo_132723_semantic,132723,semantic,48,5,"[""2018_2219906__event_002"",""2018_2219903__event_001"",""2018_2219917__event_003"",""2018_2219867__event_002"",""2018_2219904__event_001""]",5,1,0.722335318641783,1,48,115,148,1,1,0
tokyo_132723_temporal_spatial,132723,temporal_spatial,48,5,"[""2018_2219904__event_002"",""2018_2219903__event_002"",""2018_2219915__event_001"",""2018_2219903__event_001"",""2018_2219906__event_001""]",5,1,0.72819871489259,1,48,115,148,1,1,0
tokyo_134307_relational_after,134307,relational_after,28,5,"[""2018_2242033__event_003"",""2018_2242042__event_001"",""2018_2242033__event_002"",""2018_2242042__event_002"",""2018_2242033__event_001""]",5,1,0.731014557707563,1,28,84,95,4,1,3
tokyo_134307_semantic,134307,semantic,28,5,"[""2018_2242051__event_003"",""2018_2242026__event_002"",""2018_2242026__event_001"",""2018_2242043__event_002"",""2018_2242038__event_001""]",5,1,0.714233779905527,1,28,84,95,4,3,1
tokyo_134307_temporal_spatial,134307,temporal_spatial,28,5,"[""2018_2242038__event_002"",""2018_2242029__event_002"",""2018_2242038__event_001"",""2018_2242026__event_001"",""2018_2242043__event_002""]",5,1,0.712921824917016,1,28,84,95,4,2,2
tokyo_135393_relational_after,135393,relational_after,46,5,"[""2018_2257268__event_001"",""2018_2257318__event_001"",""2018_2257274__event_002"",""2018_2257260__event_002"",""2018_2257276__event_001""]",5,1,0.743015650254392,1,46,111,147,1,1,0
tokyo_135393_semantic,135393,semantic,46,5,"[""2018_2257283__event_003"",""2018_2257273__event_001"",""2018_2257269__event_001"",""2018_2257265__event_003"",""2018_2257283__event_001""]",5,1,0.733913897175738,1,46,111,147,1,1,0
tokyo_135393_temporal_spatial,135393,temporal_spatial,46,5,"[""2018_2257283__event_004"",""2018_2257269__event_002"",""2018_2257299__event_001"",""2018_2257267__event_001"",""2018_2257283__event_002""]",5,1,0.732352296768556,1,46,111,147,1,1,0
tokyo_138301_relational_after,138301,relational_after,39,5,"[""2018_2294104__event_002"",""2018_2294104__event_003"",""2018_2294100__event_001"",""2018_2294067__event_001"",""2018_2294132__event_001""]",5,1,0.75228158821298,1,39,87,121,2,1,1
tokyo_138301_semantic,138301,semantic,39,5,"[""2018_2294095__event_002"",""2018_2294097__event_001"",""2018_2294095__event_001"",""2018_2294097__event_002"",""2018_2294109__event_001""]",5,1,0.721176278506016,1,39,87,121,2,2,0
tokyo_138301_temporal_spatial,138301,temporal_spatial,39,5,"[""2018_2294117__event_001"",""2018_2294097__event_001"",""2018_2294109__event_001"",""2018_2294113__event_003"",""2018_2294104__event_003""]",5,1,0.741659914762332,1,39,87,121,2,1,1
tokyo_139656_relational_after,139656,relational_after,55,5,"[""2018_2308851__event_001"",""2018_2308851__event_002"",""2018_2308866__event_001"",""2018_2308866__event_002"",""2018_2308868__event_001""]",5,1,0.749309567595247,1,55,90,142,1,1,0
tokyo_139656_semantic,139656,semantic,55,5,"[""2018_2308863__event_002"",""2018_2308887__event_002"",""2018_2308886__event_002"",""2018_2308846__event_002"",""2018_2308885__event_002""]",5,1,0.741226169326533,1,55,90,142,1,1,0
tokyo_139656_temporal_spatial,139656,temporal_spatial,55,5,"[""2018_2308846__event_002"",""2018_2308845__event_002"",""2018_2308851__event_003"",""2018_2308849__event_002"",""2018_2308839__event_002""]",5,1,0.74852084946246,1,55,90,142,1,1,0
tokyo_140734_relational_after,140734,relational_after,24,5,"[""2018_2320244__event_002"",""2018_2320244__event_001"",""2018_2320243__event_002"",""2018_2320253__event_004"",""2018_2320242__event_001""]",5,1,0.721412059929526,1,24,68,80,3,1,2
tokyo_140734_semantic,140734,semantic,24,5,"[""2018_2320244__event_001"",""2018_2320244__event_002"",""2018_2320266__event_001"",""2018_2320259__event_002"",""2018_2320260__event_002""]",5,1,0.712555804866448,1,24,68,80,3,3,0
tokyo_140734_temporal_spatial,140734,temporal_spatial,24,5,"[""2018_2320253__event_004"",""2018_2320243__event_002"",""2018_2320260__event_001"",""2018_2320253__event_003"",""2018_2320246__event_002""]",5,1,0.738521336604704,1,24,68,80,3,1,2
tokyo_140775_relational_after,140775,relational_after,23,5,"[""2018_2320657__event_002"",""2018_2320676__event_001"",""2018_2320665__event_001"",""2018_2320660__event_001"",""2018_2320657__event_001""]",5,1,0.71889858146791,1,23,63,78,2,1,1
tokyo_140775_semantic,140775,semantic,23,5,"[""2018_2320660__event_001"",""2018_2320666__event_001"",""2018_2320666__event_002"",""2018_2320660__event_002"",""2018_2320657__event_001""]",5,1,0.724275287740636,1,23,63,78,2,1,1
tokyo_140775_temporal_spatial,140775,temporal_spatial,23,5,"[""2018_2320655__event_001"",""2018_2320675__event_002"",""2018_2320655__event_002"",""2018_2320664__event_001"",""2018_2320665__event_002""]",5,1,0.712002877004162,1,23,63,78,2,2,0
tokyo_149225_relational_after,149225,relational_after,33,5,"[""2018_2402528__event_001"",""2018_2402531__event_001"",""2018_2402538__event_001"",""2018_2402537__event_002"",""2018_2402534__event_001""]",5,1,0.744750474329108,1,33,72,98,1,1,0
tokyo_149225_semantic,149225,semantic,33,5,"[""2018_2402517__event_002"",""2018_2402517__event_003"",""2018_2402537__event_002"",""2018_2402517__event_001"",""2018_2402533__event_002""]",5,1,0.744676177472962,1,33,72,98,1,1,0
tokyo_149225_temporal_spatial,149225,temporal_spatial,33,5,"[""2018_2402533__event_002"",""2018_2402529__event_002"",""2018_2402523__event_001"",""2018_2402514__event_002"",""2018_2402537__event_003""]",5,1,0.740033740407607,1,33,72,98,1,1,0
tokyo_152722_relational_after,152722,relational_after,33,5,"[""2018_2446506__event_002"",""2018_2446524__event_005"",""2018_2446527__event_001"",""2018_2446506__event_001"",""2018_2446527__event_002""]",5,1,0.732093485827143,1,33,70,103,1,1,0
tokyo_152722_semantic,152722,semantic,33,5,"[""2018_2446517__event_003"",""2018_2446506__event_001"",""2018_2446517__event_002"",""2018_2446535__event_001"",""2018_2446506__event_002""]",5,1,0.733399240698402,1,33,70,103,1,1,0
tokyo_152722_temporal_spatial,152722,temporal_spatial,33,5,"[""2018_2446517__event_003"",""2018_2446506__event_001"",""2018_2446517__event_002"",""2018_2446518__event_001"",""2018_2446506__event_002""]",5,1,0.730140461562129,1,33,70,103,1,1,0
tokyo_156873_relational_after,156873,relational_after,116,5,"[""2018_2498120__event_002"",""2018_2498120__event_001"",""2018_2498119__event_001"",""2018_2498165__event_001"",""2018_2498133__event_002""]",5,1,0.739391436244527,1,116,254,358,3,1,2
tokyo_156873_semantic,156873,semantic,116,5,"[""2018_2498146__event_002"",""2018_2498158__event_003"",""2018_2498144__event_001"",""2018_2498179__event_002"",""2018_2498121__event_001""]",5,1,0.723889648068189,1,116,254,358,3,1,2
tokyo_156873_temporal_spatial,156873,temporal_spatial,116,5,"[""2018_2498138__event_001"",""2018_2498135__event_003"",""2018_2498141__event_001"",""2018_2498127__event_003"",""2018_2498178__event_001""]",5,1,0.727714073254633,1,116,254,358,3,1,2
tokyo_167728_relational_after,167728,relational_after,59,5,"[""2018_2604406__event_002"",""2018_2604352__event_005"",""2018_2604406__event_001"",""2018_2604396__event_001"",""2018_2604352__event_003""]",5,1,0.741990603760672,1,59,152,196,5,1,4
tokyo_167728_semantic,167728,semantic,59,5,"[""2018_2604362__event_001"",""2018_2604345__event_002"",""2018_2604366__event_003"",""2018_2604382__event_001"",""2018_2604362__event_006""]",5,1,0.729544632821954,1,59,152,196,5,2,3
tokyo_167728_temporal_spatial,167728,temporal_spatial,59,5,"[""2018_2604345__event_001"",""2018_2604349__event_001"",""2018_2604345__event_002"",""2018_2604362__event_002"",""2018_2604362__event_001""]",5,1,0.730165775138139,1,59,152,196,5,2,3
tokyo_169053_relational_after,169053,relational_after,25,5,"[""2018_2620268__event_001"",""2018_2620302__event_002"",""2018_2620285__event_002"",""2018_2620302__event_001"",""2018_2620268__event_002""]",5,1,0.754984573083403,1,25,54,74,1,1,0
tokyo_169053_semantic,169053,semantic,25,5,"[""2018_2620254__event_001"",""2018_2620268__event_001"",""2018_2620254__event_002"",""2018_2620302__event_002"",""2018_2620311__event_002""]",5,1,0.733218669670084,1,25,54,74,1,1,0
tokyo_169053_temporal_spatial,169053,temporal_spatial,25,5,"[""2018_2620302__event_004"",""2018_2620287__event_002"",""2018_2620297__event_001"",""2018_2620302__event_003"",""2018_2620311__event_001""]",5,1,0.741110050924856,1,25,54,74,1,1,0
tokyo_171659_relational_after,171659,relational_after,26,5,"[""2018_2647177__event_004"",""2018_2647177__event_003"",""2018_2647177__event_002"",""2018_2647205__event_002"",""2018_2647199__event_002""]",5,1,0.735453281529884,1,26,64,86,2,2,0
tokyo_171659_semantic,171659,semantic,26,5,"[""2018_2647186__event_001"",""2018_2647186__event_002"",""2018_2647182__event_003"",""2018_2647180__event_001"",""2018_2647205__event_001""]",5,1,0.730208068373955,1,26,64,86,2,2,0
tokyo_171659_temporal_spatial,171659,temporal_spatial,26,5,"[""2018_2647199__event_002"",""2018_2647197__event_002"",""2018_2647196__event_002"",""2018_2647187__event_002"",""2018_2647182__event_003""]",5,1,0.720671660758062,1,26,64,86,2,1,1
tokyo_178798_relational_after,178798,relational_after,26,5,"[""2018_2707923__event_001"",""2018_2707923__event_002"",""2018_2707929__event_001"",""2018_2707932__event_002"",""2018_2707926__event_003""]",5,1,0.726874586243856,1,26,75,87,5,2,3
tokyo_178798_semantic,178798,semantic,26,5,"[""2018_2707928__event_001"",""2018_2707928__event_002"",""2018_2707935__event_002"",""2018_2707934__event_001"",""2018_2707934__event_002""]",5,1,0.712016731194292,1,26,75,87,5,2,3
tokyo_178798_temporal_spatial,178798,temporal_spatial,26,5,"[""2018_2707928__event_002"",""2018_2707929__event_002"",""2018_2707945__event_002"",""2018_2707932__event_003"",""2018_2707934__event_002""]",5,1,0.718654792088456,1,26,75,87,5,1,4
tokyo_19379_relational_after,19379,relational_after,80,5,"[""2018_395480__event_002"",""2018_395480__event_001"",""2018_395513__event_002"",""2018_395513__event_001"",""2018_395362__event_003""]",5,1,0.733988555089415,1,80,173,236,2,1,1
tokyo_19379_semantic,19379,semantic,80,5,"[""2018_395327__event_001"",""2018_395452__event_001"",""2018_395404__event_002"",""2018_395327__event_002"",""2018_395452__event_002""]",5,1,0.723635181726394,1,80,173,236,2,2,0
tokyo_19379_temporal_spatial,19379,temporal_spatial,80,5,"[""2018_395452__event_002"",""2018_395404__event_002"",""2018_395490__event_001"",""2018_395497__event_001"",""2018_395294__event_001""]",5,1,0.739132431217031,1,80,173,236,2,1,1
tokyo_210254_relational_after,210254,relational_after,29,5,"[""2018_2949678__event_001"",""2018_2949678__event_002"",""2018_2949696__event_004"",""2018_2949695__event_002"",""2018_2949702__event_001""]",5,1,0.723947431717731,1,29,84,99,5,1,4
tokyo_210254_semantic,210254,semantic,29,5,"[""2018_2949690__event_002"",""2018_2949686__event_002"",""2018_2949696__event_003"",""2018_2949696__event_001"",""2018_2949696__event_002""]",5,1,0.742128511324706,1,29,84,99,5,2,3
tokyo_210254_temporal_spatial,210254,temporal_spatial,29,5,"[""2018_2949696__event_002"",""2018_2949696__event_003"",""2018_2949693__event_002"",""2018_2949693__event_001"",""2018_2949689__event_001""]",5,1,0.736466115385976,1,29,84,99,5,3,2
tokyo_223807_relational_after,223807,relational_after,26,5,"[""2018_3045880__event_002"",""2018_3045880__event_001"",""2018_3045879__event_003"",""2018_3045900__event_002"",""2018_3045900__event_001""]",5,1,0.727530132706394,1,26,68,87,2,1,1
tokyo_223807_semantic,223807,semantic,26,5,"[""2018_3045900__event_001"",""2018_3045890__event_001"",""2018_3045880__event_002"",""2018_3045900__event_002"",""2018_3045895__event_001""]",5,1,0.720411430513072,1,26,68,87,2,1,1
tokyo_223807_temporal_spatial,223807,temporal_spatial,26,5,"[""2018_3045890__event_002"",""2018_3045888__event_002"",""2018_3045886__event_002"",""2018_3045895__event_001"",""2018_3045877__event_001""]",5,1,0.728464311819893,1,26,68,87,2,1,1
tokyo_2309_relational_after,2309,relational_after,34,5,"[""2018_50057__event_002"",""2018_50057__event_001"",""2018_50035__event_004"",""2018_50037__event_002"",""2018_50035__event_003""]",5,1,0.755729104864101,1,34,71,101,1,1,0
tokyo_2309_semantic,2309,semantic,34,5,"[""2018_50056__event_002"",""2018_50035__event_004"",""2018_50035__event_003"",""2018_50033__event_003"",""2018_50033__event_002""]",5,1,0.748939703950195,1,34,71,101,1,1,0
tokyo_2309_temporal_spatial,2309,temporal_spatial,34,5,"[""2018_50060__event_002"",""2018_50051__event_002"",""2018_50042__event_002"",""2018_50033__event_003"",""2018_50040__event_001""]",5,1,0.732874907319721,1,34,71,101,1,1,0
tokyo_23925_relational_after,23925,relational_after,43,5,"[""2018_485898__event_001"",""2018_485898__event_002"",""2018_485933__event_002"",""2018_485910__event_003"",""2018_485902__event_002""]",5,1,0.751680785438069,1,43,87,125,1,1,0
tokyo_23925_semantic,23925,semantic,43,5,"[""2018_485892__event_002"",""2018_485933__event_001"",""2018_485910__event_002"",""2018_485934__event_002"",""2018_485904__event_001""]",5,1,0.739081073681323,1,43,87,125,1,1,0
tokyo_23925_temporal_spatial,23925,temporal_spatial,43,5,"[""2018_485898__event_002"",""2018_485892__event_002"",""2018_485881__event_002"",""2018_485882__event_001"",""2018_485910__event_003""]",5,1,0.744932637633327,1,43,87,125,1,1,0
tokyo_24620_relational_after,24620,relational_after,70,5,"[""2018_500321__event_001"",""2018_500330__event_001"",""2018_500337__event_001"",""2018_500357__event_001"",""2018_500305__event_001""]",5,1,0.753777329486727,1,70,102,192,1,1,0
tokyo_24620_temporal_spatial,24620,temporal_spatial,70,5,"[""2018_500374__event_002"",""2018_500367__event_003"",""2018_500329__event_003"",""2018_500357__event_004"",""2018_500313__event_005""]",5,1,0.748572280681553,1,70,102,192,1,1,0
tokyo_24664_relational_after,24664,relational_after,69,5,"[""2018_501939__event_007"",""2018_501939__event_006"",""2018_501939__event_005"",""2018_501939__event_002"",""2018_501939__event_003""]",5,1,0.764831140322056,1,69,190,242,5,1,4
tokyo_24664_semantic,24664,semantic,69,5,"[""2018_501938__event_002"",""2018_501939__event_008"",""2018_501955__event_002"",""2018_501939__event_007"",""2018_501969__event_001""]",5,1,0.737734951819553,1,69,190,242,5,2,3
tokyo_24664_temporal_spatial,24664,temporal_spatial,69,5,"[""2018_501939__event_008"",""2018_501939__event_009"",""2018_501959__event_001"",""2018_501940__event_002"",""2018_501958__event_001""]",5,1,0.728449173623169,1,69,190,242,5,2,3
tokyo_24765_relational_after,24765,relational_after,51,5,"[""2018_504026__event_002"",""2018_504026__event_003"",""2018_504033__event_001"",""2018_503991__event_002"",""2018_503989__event_002""]",5,1,0.721940116880762,1,51,149,179,6,1,5
tokyo_24765_semantic,24765,semantic,51,5,"[""2018_504006__event_002"",""2018_503999__event_002"",""2018_504011__event_002"",""2018_504025__event_001"",""2018_504025__event_002""]",5,1,0.716219817031872,1,51,149,179,6,3,3
tokyo_24765_temporal_spatial,24765,temporal_spatial,51,5,"[""2018_504028__event_002"",""2018_504023__event_002"",""2018_504025__event_001"",""2018_504023__event_001"",""2018_504023__event_003""]",5,1,0.735027678169822,1,51,149,179,6,2,4
tokyo_254908_relational_after,254908,relational_after,33,5,"[""2018_3245115__event_003"",""2018_3245120__event_001"",""2018_3245104__event_002"",""2018_3245113__event_001"",""2018_3245104__event_003""]",5,1,0.752416203417604,1,33,85,110,3,1,2
tokyo_254908_semantic,254908,semantic,33,5,"[""2018_3245120__event_003"",""2018_3245172__event_002"",""2018_3245120__event_004"",""2018_3245120__event_005"",""2018_3245172__event_001""]",5,1,0.738766301680918,1,33,85,110,3,2,1
tokyo_254908_temporal_spatial,254908,temporal_spatial,33,5,"[""2018_3245121__event_001"",""2018_3245120__event_002"",""2018_3245115__event_004"",""2018_3245104__event_001"",""2018_3245113__event_002""]",5,1,0.734274682845981,1,33,85,110,3,1,2
tokyo_259163_relational_after,259163,relational_after,28,5,"[""2018_3271945__event_003"",""2018_3271951__event_002"",""2018_3271983__event_004"",""2018_3271967__event_001"",""2018_3271951__event_001""]",5,1,0.737436991138101,1,28,67,90,2,1,1
tokyo_259163_semantic,259163,semantic,28,5,"[""2018_3271983__event_001"",""2018_3271983__event_002"",""2018_3271945__event_001"",""2018_3271974__event_003"",""2018_3271951__event_001""]",5,1,0.738692118547599,1,28,67,90,2,1,1
tokyo_259163_temporal_spatial,259163,temporal_spatial,28,5,"[""2018_3271977__event_002"",""2018_3271977__event_001"",""2018_3271983__event_004"",""2018_3271951__event_002"",""2018_3271960__event_001""]",5,1,0.735600697167364,1,28,67,90,2,2,0
tokyo_263152_relational_after,263152,relational_after,27,5,"[""2018_3295464__event_001"",""2018_3295464__event_002"",""2018_3295444__event_003"",""2018_3295457__event_002"",""2018_3295457__event_001""]",5,1,0.720965730570856,1,27,71,88,2,2,0
tokyo_263152_semantic,263152,semantic,27,5,"[""2018_3295456__event_002"",""2018_3295464__event_002"",""2018_3295444__event_003"",""2018_3295451__event_002"",""2018_3295457__event_002""]",5,1,0.72887232999648,1,27,71,88,2,2,0
tokyo_263152_temporal_spatial,263152,temporal_spatial,27,5,"[""2018_3295464__event_002"",""2018_3295456__event_002"",""2018_3295452__event_002"",""2018_3295455__event_001"",""2018_3295451__event_002""]",5,1,0.726947520645895,1,27,71,88,2,2,0
tokyo_264627_relational_after,264627,relational_after,59,5,"[""2018_3303923__event_002"",""2018_3303957__event_001"",""2018_3303906__event_002"",""2018_3303923__event_001"",""2018_3303886__event_001""]",5,1,0.73824222253117,1,59,150,191,2,1,1
tokyo_264627_semantic,264627,semantic,59,5,"[""2018_3303898__event_002"",""2018_3303904__event_001"",""2018_3303886__event_002"",""2018_3303898__event_001"",""2018_3303923__event_003""]",5,1,0.72548217708691,1,59,150,191,2,1,1
tokyo_264627_temporal_spatial,264627,temporal_spatial,59,5,"[""2018_3303892__event_002"",""2018_3303886__event_002"",""2018_3303890__event_002"",""2018_3303899__event_003"",""2018_3303904__event_002""]",5,1,0.734965219939376,1,59,150,191,2,1,1
tokyo_267704_relational_after,267704,relational_after,48,5,"[""2018_3322363__event_002"",""2018_3322363__event_001"",""2018_3322365__event_002"",""2018_3322362__event_001"",""2018_3322359__event_005""]",5,1,0.746022966855633,1,48,104,162,1,1,0
tokyo_267704_semantic,267704,semantic,48,5,"[""2018_3322366__event_001"",""2018_3322364__event_006"",""2018_3322358__event_003"",""2018_3322372__event_005"",""2018_3322364__event_005""]",5,1,0.748871412073096,1,48,104,162,1,1,0
tokyo_267704_temporal_spatial,267704,temporal_spatial,48,5,"[""2018_3322359__event_005"",""2018_3322366__event_003"",""2018_3322362__event_001"",""2018_3322359__event_009"",""2018_3322362__event_004""]",5,1,0.760667621635421,1,48,104,162,1,1,0
tokyo_26786_relational_after,26786,relational_after,256,5,"[""2018_543238__event_002"",""2018_543238__event_001"",""2018_543175__event_003"",""2018_543184__event_001"",""2018_543240__event_001""]",5,1,0.749431912491199,1,256,429,773,1,1,0
tokyo_26786_semantic,26786,semantic,256,5,"[""2018_543193__event_002"",""2018_543193__event_003"",""2018_543252__event_003"",""2018_543204__event_005"",""2018_543193__event_001""]",5,1,0.774711695872654,1,256,429,773,1,1,0
tokyo_26786_temporal_spatial,26786,temporal_spatial,256,5,"[""2018_543252__event_004"",""2018_543204__event_004"",""2018_543179__event_003"",""2018_543175__event_002"",""2018_543179__event_002""]",5,1,0.782318742929821,1,256,429,773,1,1,0
tokyo_277915_relational_after,277915,relational_after,40,5,"[""2018_3383909__event_002"",""2018_3383909__event_001"",""2018_3383898__event_002"",""2018_3383896__event_002"",""2018_3383887__event_003""]",5,1,0.742382271402785,1,40,90,123,1,1,0
tokyo_277915_semantic,277915,semantic,40,5,"[""2018_3383912__event_002"",""2018_3383887__event_002"",""2018_3383903__event_002"",""2018_3383900__event_001"",""2018_3383890__event_002""]",5,1,0.726997209896475,1,40,90,123,1,1,0
tokyo_277915_temporal_spatial,277915,temporal_spatial,40,5,"[""2018_3383900__event_002"",""2018_3383899__event_001"",""2018_3383900__event_001"",""2018_3383892__event_002"",""2018_3383902__event_002""]",5,1,0.736276963952537,1,40,90,123,1,1,0
tokyo_280210_relational_after,280210,relational_after,63,5,"[""2018_3396831__event_001"",""2018_3396831__event_002"",""2018_3396788__event_001"",""2018_3396788__event_002"",""2018_3396837__event_002""]",5,1,0.746878390490305,1,63,148,207,1,1,0
tokyo_280210_semantic,280210,semantic,63,5,"[""2018_3396792__event_003"",""2018_3396789__event_004"",""2018_3396792__event_002"",""2018_3396830__event_003"",""2018_3396792__event_004""]",5,1,0.755522662548489,1,63,148,207,1,1,0
tokyo_280210_temporal_spatial,280210,temporal_spatial,63,5,"[""2018_3396806__event_001"",""2018_3396812__event_001"",""2018_3396806__event_002"",""2018_3396808__event_001"",""2018_3396807__event_001""]",5,1,0.738327396769217,1,63,148,207,1,1,0
tokyo_281448_relational_after,281448,relational_after,35,5,"[""2018_3403849__event_001"",""2018_3403853__event_002"",""2018_3403860__event_002"",""2018_3403825__event_001"",""2018_3403862__event_001""]",5,1,0.748509817660716,1,35,77,107,1,1,0
tokyo_281448_semantic,281448,semantic,35,5,"[""2018_3403886__event_001"",""2018_3403886__event_005"",""2018_3403834__event_003"",""2018_3403848__event_001"",""2018_3403849__event_001""]",5,1,0.731978395022435,1,35,77,107,1,1,0
tokyo_281448_temporal_spatial,281448,temporal_spatial,35,5,"[""2018_3403834__event_002"",""2018_3403886__event_005"",""2018_3403860__event_003"",""2018_3403848__event_001"",""2018_3403834__event_003""]",5,1,0.736695234538013,1,35,77,107,1,1,0
tokyo_283450_relational_after,283450,relational_after,74,5,"[""2018_3416120__event_001"",""2018_3416086__event_001"",""2018_3416086__event_002"",""2018_3416120__event_002"",""2018_3416149__event_003""]",5,1,0.734198401367563,1,74,170,238,2,1,1
tokyo_283450_semantic,283450,semantic,74,5,"[""2018_3416150__event_002"",""2018_3416150__event_003"",""2018_3416112__event_001"",""2018_3416139__event_002"",""2018_3416112__event_005""]",5,1,0.737947134240832,1,74,170,238,2,2,0
tokyo_283450_temporal_spatial,283450,temporal_spatial,74,5,"[""2018_3416139__event_001"",""2018_3416086__event_002"",""2018_3416141__event_001"",""2018_3416133__event_002"",""2018_3416139__event_002""]",5,1,0.719449212893879,1,74,170,238,2,2,0
tokyo_286142_relational_after,286142,relational_after,21,5,"[""2018_3433040__event_002"",""2018_3433040__event_001"",""2018_3433027__event_001"",""2018_3433026__event_001"",""2018_3433030__event_002""]",5,1,0.725549949913824,1,21,54,67,2,1,1
tokyo_286142_semantic,286142,semantic,21,5,"[""2018_3433008__event_001"",""2018_3433026__event_001"",""2018_3433021__event_002"",""2018_3433030__event_002"",""2018_3433018__event_001""]",5,1,0.723910694082765,1,21,54,67,2,2,0
tokyo_286142_temporal_spatial,286142,temporal_spatial,21,5,"[""2018_3433021__event_002"",""2018_3433033__event_001"",""2018_3433042__event_002"",""2018_3433018__event_001"",""2018_3433026__event_001""]",5,1,0.737245755019548,1,21,54,67,2,1,1
tokyo_286382_relational_after,286382,relational_after,23,5,"[""2018_3434342__event_001"",""2018_3434342__event_002"",""2018_3434333__event_001"",""2018_3434333__event_002"",""2018_3434359__event_002""]",5,1,0.714546856867771,1,23,63,74,2,1,1
tokyo_286382_semantic,286382,semantic,23,5,"[""2018_3434330__event_001"",""2018_3434341__event_001"",""2018_3434350__event_001"",""2018_3434351__event_002"",""2018_3434341__event_002""]",5,1,0.714365037251261,1,23,63,74,2,2,0
tokyo_286382_temporal_spatial,286382,temporal_spatial,23,5,"[""2018_3434351__event_002"",""2018_3434350__event_001"",""2018_3434346__event_001"",""2018_3434337__event_001"",""2018_3434349__event_002""]",5,1,0.721954696061923,1,23,63,74,2,1,1
tokyo_28664_relational_after,28664,relational_after,56,5,"[""2018_580044__event_006"",""2018_580044__event_007"",""2018_580041__event_004"",""2018_580047__event_001"",""2018_580028__event_001""]",5,1,0.760152803119965,1,56,131,182,3,1,2
tokyo_28664_semantic,28664,semantic,56,5,"[""2018_580023__event_002"",""2018_580040__event_002"",""2018_580051__event_002"",""2018_580020__event_001"",""2018_580047__event_004""]",5,1,0.715335681530333,1,56,131,182,3,2,1
tokyo_28664_temporal_spatial,28664,temporal_spatial,56,5,"[""2018_580040__event_002"",""2018_580038__event_001"",""2018_580047__event_004"",""2018_580040__event_001"",""2018_580048__event_003""]",5,1,0.717361846855654,1,56,131,182,3,2,1
tokyo_28697_relational_after,28697,relational_after,37,5,"[""2018_580900__event_001"",""2018_580909__event_001"",""2018_580909__event_002"",""2018_580900__event_002"",""2018_580887__event_001""]",5,1,0.739677771555019,1,37,75,109,1,1,0
tokyo_28697_semantic,28697,semantic,37,5,"[""2018_580909__event_003"",""2018_580896__event_003"",""2018_580878__event_002"",""2018_580901__event_001"",""2018_580886__event_003""]",5,1,0.738560922407179,1,37,75,109,1,1,0
tokyo_28697_temporal_spatial,28697,temporal_spatial,37,5,"[""2018_580873__event_001"",""2018_580905__event_001"",""2018_580884__event_003"",""2018_580888__event_002"",""2018_580876__event_001""]",5,1,0.7437370286896,1,37,75,109,1,1,0
tokyo_290806_relational_after,290806,relational_after,36,5,"[""2018_3462039__event_002"",""2018_3462039__event_001"",""2018_3462043__event_001"",""2018_3462043__event_002"",""2018_3462051__event_001""]",5,1,0.717402775645983,1,36,96,122,3,2,1
tokyo_290806_semantic,290806,semantic,36,5,"[""2018_3462036__event_002"",""2018_3462047__event_002"",""2018_3462036__event_001"",""2018_3462055__event_002"",""2018_3462036__event_003""]",5,1,0.736659765892424,1,36,96,122,3,1,2
tokyo_290806_temporal_spatial,290806,temporal_spatial,36,5,"[""2018_3462064__event_002"",""2018_3462055__event_001"",""2018_3462058__event_003"",""2018_3462047__event_001"",""2018_3462063__event_002""]",5,1,0.726028242465801,1,36,96,122,3,1,2
tokyo_29501_relational_after,29501,relational_after,36,5,"[""2018_596177__event_004"",""2018_596177__event_003"",""2018_596197__event_002"",""2018_596152__event_002"",""2018_596168__event_002""]",5,1,0.755253419161673,1,36,91,114,2,1,1
tokyo_29501_semantic,29501,semantic,36,5,"[""2018_596159__event_001"",""2018_596194__event_001"",""2018_596185__event_002"",""2018_596165__event_002"",""2018_596195__event_002""]",5,1,0.731086039717569,1,36,91,114,2,1,1
tokyo_29501_temporal_spatial,29501,temporal_spatial,36,5,"[""2018_596177__event_003"",""2018_596194__event_001"",""2018_596169__event_001"",""2018_596137__event_002"",""2018_596177__event_001""]",5,1,0.736706246437201,1,36,91,114,2,1,1
tokyo_29757_relational_after,29757,relational_after,41,5,"[""2018_601373__event_002"",""2018_601373__event_001"",""2018_601398__event_002"",""2018_601388__event_002"",""2018_601391__event_002""]",5,1,0.738967270066107,1,41,72,111,1,1,0
tokyo_29757_semantic,29757,semantic,41,5,"[""2018_601373__event_001"",""2018_601438__event_002"",""2018_601379__event_002"",""2018_601386__event_001"",""2018_601430__event_001""]",5,1,0.735084359101018,1,41,72,111,1,1,0
tokyo_29757_temporal_spatial,29757,temporal_spatial,41,5,"[""2018_601430__event_002"",""2018_601440__event_002"",""2018_601384__event_002"",""2018_601386__event_002"",""2018_601391__event_002""]",5,1,0.745144707207157,1,41,72,111,1,1,0
tokyo_29764_relational_after,29764,relational_after,28,5,"[""2018_601478__event_003"",""2018_601478__event_002"",""2018_601478__event_001"",""2018_601634__event_001"",""2018_601634__event_002""]",5,1,0.734119684896445,1,28,59,83,1,1,0
tokyo_29764_semantic,29764,semantic,28,5,"[""2018_601479__event_002"",""2018_601479__event_001"",""2018_601634__event_001"",""2018_601634__event_002"",""2018_601534__event_004""]",5,1,0.735161088524986,1,28,59,83,1,1,0
tokyo_29764_temporal_spatial,29764,temporal_spatial,28,5,"[""2018_601634__event_002"",""2018_601542__event_002"",""2018_601634__event_001"",""2018_601542__event_001"",""2018_601559__event_002""]",5,1,0.734804540525201,1,28,59,83,1,1,0
tokyo_31204_relational_after,31204,relational_after,27,5,"[""2018_631691__event_001"",""2018_631691__event_002"",""2018_631703__event_003"",""2018_631654__event_002"",""2018_631588__event_002""]",5,1,0.732026674203565,1,27,66,82,2,2,0
tokyo_31204_semantic,31204,semantic,27,5,"[""2018_631703__event_002"",""2018_631693__event_002"",""2018_631604__event_001"",""2018_631604__event_002"",""2018_631642__event_002""]",5,1,0.731858568307954,1,27,66,82,2,2,0
tokyo_31204_temporal_spatial,31204,temporal_spatial,27,5,"[""2018_631604__event_001"",""2018_631693__event_002"",""2018_631642__event_001"",""2018_631604__event_002"",""2018_631666__event_001""]",5,1,0.720680243734414,1,27,66,82,2,1,1
tokyo_32545_relational_after,32545,relational_after,106,5,"[""2018_661962__event_002"",""2018_661962__event_001"",""2018_661962__event_003"",""2018_661952__event_001"",""2018_661951__event_001""]",5,1,0.733504610842281,1,106,231,329,1,1,0
tokyo_32545_semantic,32545,semantic,106,5,"[""2018_661998__event_003"",""2018_661980__event_002"",""2018_661994__event_001"",""2018_662008__event_002"",""2018_661950__event_003""]",5,1,0.732508802726029,1,106,231,329,1,1,0
tokyo_32545_temporal_spatial,32545,temporal_spatial,106,5,"[""2018_661952__event_001"",""2018_661938__event_002"",""2018_661968__event_002"",""2018_661942__event_004"",""2018_661981__event_002""]",5,1,0.735935652495812,1,106,231,329,1,1,0
tokyo_325605_relational_after,325605,relational_after,82,5,"[""2018_3674468__event_002"",""2018_3674468__event_001"",""2018_3674458__event_001"",""2018_3674428__event_002"",""2018_3674411__event_002""]",5,1,0.73392479807213,1,82,175,251,2,1,1
tokyo_325605_semantic,325605,semantic,82,5,"[""2018_3674424__event_001"",""2018_3674477__event_002"",""2018_3674458__event_001"",""2018_3674468__event_002"",""2018_3674411__event_002""]",5,1,0.731008806374705,1,82,175,251,2,1,1
tokyo_325605_temporal_spatial,325605,temporal_spatial,82,5,"[""2018_3674434__event_002"",""2018_3674418__event_002"",""2018_3674434__event_003"",""2018_3674434__event_001"",""2018_3674442__event_002""]",5,1,0.757981403357367,1,82,175,251,2,1,1
tokyo_328941_relational_after,328941,relational_after,23,5,"[""2018_3694439__event_002"",""2018_3694439__event_001"",""2018_3694437__event_002"",""2018_3694438__event_001"",""2018_3694443__event_001""]",5,1,0.716227680043502,1,23,57,71,1,1,0
tokyo_328941_semantic,328941,semantic,23,5,"[""2018_3694440__event_002"",""2018_3694433__event_001"",""2018_3694432__event_002"",""2018_3694434__event_002"",""2018_3694435__event_002""]",5,1,0.727994813107949,1,23,57,71,1,1,0
tokyo_328941_temporal_spatial,328941,temporal_spatial,23,5,"[""2018_3694435__event_002"",""2018_3694430__event_001"",""2018_3694433__event_001"",""2018_3694436__event_003"",""2018_3694436__event_002""]",5,1,0.733922962019496,1,23,57,71,1,1,0
tokyo_339444_relational_after,339444,relational_after,31,5,"[""2018_3757165__event_004"",""2018_3757165__event_005"",""2018_3757175__event_002"",""2018_3757169__event_001"",""2018_3757165__event_003""]",5,1,0.752618864125246,1,31,67,95,1,1,0
tokyo_339444_semantic,339444,semantic,31,5,"[""2018_3757174__event_001"",""2018_3757170__event_002"",""2018_3757169__event_001"",""2018_3757175__event_002"",""2018_3757167__event_001""]",5,1,0.723605809676476,1,31,67,95,1,1,0
tokyo_339444_temporal_spatial,339444,temporal_spatial,31,5,"[""2018_3757174__event_002"",""2018_3757163__event_001"",""2018_3757164__event_001"",""2018_3757162__event_002"",""2018_3757165__event_008""]",5,1,0.747885074661082,1,31,67,95,1,1,0
tokyo_342180_relational_after,342180,relational_after,49,5,"[""2018_3773318__event_004"",""2018_3773314__event_002"",""2018_3773318__event_003"",""2018_3773285__event_001"",""2018_3773304__event_002""]",5,1,0.750487530332736,1,49,111,153,2,1,1
tokyo_342180_semantic,342180,semantic,49,5,"[""2018_3773307__event_003"",""2018_3773294__event_001"",""2018_3773310__event_003"",""2018_3773314__event_001"",""2018_3773314__event_002""]",5,1,0.739522511278512,1,49,111,153,2,1,1
tokyo_342180_temporal_spatial,342180,temporal_spatial,49,5,"[""2018_3773297__event_002"",""2018_3773302__event_002"",""2018_3773288__event_001"",""2018_3773284__event_002"",""2018_3773297__event_001""]",5,1,0.728992504441304,1,49,111,153,2,1,1
tokyo_34258_relational_after,34258,relational_after,42,5,"[""2018_698471__event_002"",""2018_698467__event_003"",""2018_698471__event_003"",""2018_698482__event_002"",""2018_698467__event_002""]",5,1,0.786326062119928,1,42,70,125,1,1,0
tokyo_34258_semantic,34258,semantic,42,5,"[""2018_698481__event_002"",""2018_698479__event_001"",""2018_698478__event_001"",""2018_698472__event_001"",""2018_698480__event_001""]",5,1,0.750502305893227,1,42,70,125,1,1,0
tokyo_34258_temporal_spatial,34258,temporal_spatial,42,5,"[""2018_698467__event_005"",""2018_698482__event_005"",""2018_698471__event_001"",""2018_698480__event_001"",""2018_698463__event_001""]",5,1,0.747037363453884,1,42,70,125,1,1,0
tokyo_347501_relational_after,347501,relational_after,20,5,"[""2018_3804279__event_001"",""2018_3804279__event_002"",""2018_3804262__event_002"",""2018_3804269__event_002"",""2018_3804280__event_002""]",5,1,0.724971162040447,1,20,39,56,1,1,0
tokyo_347501_temporal_spatial,347501,temporal_spatial,20,5,"[""2018_3804274__event_002"",""2018_3804273__event_002"",""2018_3804280__event_002"",""2018_3804269__event_002"",""2018_3804262__event_002""]",5,1,0.731301832916747,1,20,39,56,1,1,0
tokyo_348059_relational_after,348059,relational_after,63,5,"[""2018_3807516__event_003"",""2018_3807506__event_003"",""2018_3807520__event_003"",""2018_3807521__event_003"",""2018_3807522__event_003""]",5,1,0.766785903611701,1,63,121,198,1,1,0
tokyo_348059_semantic,348059,semantic,63,5,"[""2018_3807524__event_005"",""2018_3807525__event_003"",""2018_3807506__event_002"",""2018_3807518__event_001"",""2018_3807521__event_004""]",5,1,0.744659431019837,1,63,121,198,1,1,0
tokyo_348059_temporal_spatial,348059,temporal_spatial,63,5,"[""2018_3807513__event_003"",""2018_3807513__event_002"",""2018_3807513__event_001"",""2018_3807519__event_001"",""2018_3807519__event_003""]",5,1,0.738683508562635,1,63,121,198,1,1,0
tokyo_348682_relational_after,348682,relational_after,22,5,"[""2018_3811346__event_002"",""2018_3811346__event_001"",""2018_3811349__event_003"",""2018_3811326__event_002"",""2018_3811326__event_001""]",5,1,0.73849062856777,1,22,56,70,2,1,1
tokyo_348682_semantic,348682,semantic,22,5,"[""2018_3811335__event_002"",""2018_3811312__event_002"",""2018_3811346__event_002"",""2018_3811326__event_003"",""2018_3811346__event_001""]",5,1,0.722977775958069,1,22,56,70,2,2,0
tokyo_348682_temporal_spatial,348682,temporal_spatial,22,5,"[""2018_3811312__event_002"",""2018_3811312__event_001"",""2018_3811320__event_001"",""2018_3811320__event_002"",""2018_3811349__event_003""]",5,1,0.719743190160508,1,22,56,70,2,2,0
tokyo_350248_relational_after,350248,relational_after,54,5,"[""2018_3820531__event_001"",""2018_3820539__event_002"",""2018_3820563__event_001"",""2018_3820539__event_001"",""2018_3820531__event_002""]",5,1,0.730896279908649,1,54,136,175,2,1,1
tokyo_350248_semantic,350248,semantic,54,5,"[""2018_3820558__event_002"",""2018_3820535__event_001"",""2018_3820543__event_002"",""2018_3820524__event_003"",""2018_3820543__event_001""]",5,1,0.738344564628568,1,54,136,175,2,1,1
tokyo_350248_temporal_spatial,350248,temporal_spatial,54,5,"[""2018_3820551__event_002"",""2018_3820562__event_001"",""2018_3820557__event_001"",""2018_3820554__event_002"",""2018_3820526__event_001""]",5,1,0.730639156783973,1,54,136,175,2,2,0
tokyo_356419_relational_after,356419,relational_after,33,5,"[""2018_3855579__event_002"",""2018_3855585__event_002"",""2018_3855579__event_001"",""2018_3855574__event_003"",""2018_3855574__event_002""]",5,1,0.746039517379438,1,33,67,98,1,1,0
tokyo_356419_semantic,356419,semantic,33,5,"[""2018_3855580__event_001"",""2018_3855585__event_002"",""2018_3855594__event_001"",""2018_3855579__event_002"",""2018_3855570__event_002""]",5,1,0.721570362040735,1,33,67,98,1,1,0
tokyo_356419_temporal_spatial,356419,temporal_spatial,33,5,"[""2018_3855575__event_002"",""2018_3855570__event_002"",""2018_3855580__event_001"",""2018_3855594__event_001"",""2018_3855570__event_001""]",5,1,0.721881003087629,1,33,67,98,1,1,0
tokyo_35718_relational_after,35718,relational_after,26,5,"[""2018_727120__event_002"",""2018_727117__event_001"",""2018_727114__event_001"",""2018_727143__event_001"",""2018_727129__event_001""]",5,1,0.742516599781821,1,26,63,81,2,1,1
tokyo_35718_semantic,35718,semantic,26,5,"[""2018_727082__event_002"",""2018_727082__event_003"",""2018_727120__event_003"",""2018_727085__event_001"",""2018_727082__event_001""]",5,1,0.729882008871537,1,26,63,81,2,2,0
tokyo_35718_temporal_spatial,35718,temporal_spatial,26,5,"[""2018_727120__event_002"",""2018_727120__event_003"",""2018_727143__event_002"",""2018_727143__event_001"",""2018_727082__event_002""]",5,1,0.743366646961469,1,26,63,81,2,1,1
tokyo_362630_relational_after,362630,relational_after,24,5,"[""2018_3889086__event_003"",""2018_3889086__event_002"",""2018_3889076__event_002"",""2018_3889086__event_001"",""2018_3889095__event_002""]",5,1,0.723676154537037,1,24,77,84,6,1,5
tokyo_362630_semantic,362630,semantic,24,5,"[""2018_3889093__event_002"",""2018_3889095__event_002"",""2018_3889086__event_002"",""2018_3889095__event_001"",""2018_3889075__event_001""]",5,1,0.721766767985053,1,24,77,84,6,3,3
tokyo_362630_temporal_spatial,362630,temporal_spatial,24,5,"[""2018_3889095__event_002"",""2018_3889086__event_002"",""2018_3889072__event_002"",""2018_3889093__event_002"",""2018_3889095__event_001""]",5,1,0.720697199926427,1,24,77,84,6,2,4
tokyo_36487_relational_after,36487,relational_after,54,5,"[""2018_741708__event_002"",""2018_741708__event_003"",""2018_741699__event_002"",""2018_741716__event_001"",""2018_741716__event_002""]",5,1,0.748108868257945,1,54,138,188,1,1,0
tokyo_36487_semantic,36487,semantic,54,5,"[""2018_741721__event_001"",""2018_741721__event_002"",""2018_741712__event_004"",""2018_741712__event_003"",""2018_741722__event_001""]",5,1,0.751549569429756,1,54,138,188,1,1,0
tokyo_36487_temporal_spatial,36487,temporal_spatial,54,5,"[""2018_741640__event_001"",""2018_741726__event_003"",""2018_741700__event_001"",""2018_741725__event_005"",""2018_741716__event_001""]",5,1,0.723716947153921,1,54,138,188,1,1,0
tokyo_365381_relational_after,365381,relational_after,24,5,"[""2018_3903074__event_002"",""2018_3903075__event_001"",""2018_3903075__event_003"",""2018_3903071__event_002"",""2018_3903074__event_001""]",5,1,0.743069868166268,1,24,65,76,3,1,2
tokyo_365381_semantic,365381,semantic,24,5,"[""2018_3903070__event_001"",""2018_3903074__event_003"",""2018_3903077__event_001"",""2018_3903084__event_002"",""2018_3903088__event_002""]",5,1,0.723996922805597,1,24,65,76,3,3,0
tokyo_365381_temporal_spatial,365381,temporal_spatial,24,5,"[""2018_3903088__event_002"",""2018_3903077__event_001"",""2018_3903075__event_003"",""2018_3903074__event_002"",""2018_3903071__event_002""]",5,1,0.742943367806468,1,24,65,76,3,1,2
tokyo_41088_relational_after,41088,relational_after,77,5,"[""2018_830967__event_001"",""2018_830967__event_002"",""2018_830983__event_002"",""2018_830991__event_002"",""2018_831021__event_002""]",5,1,0.735628890258811,1,77,137,214,1,1,0
tokyo_41088_semantic,41088,semantic,77,5,"[""2018_830967__event_001"",""2018_831031__event_001"",""2018_830992__event_001"",""2018_831024__event_002"",""2018_830973__event_001""]",5,1,0.739767849194607,1,77,137,214,1,1,0
tokyo_41088_temporal_spatial,41088,temporal_spatial,77,5,"[""2018_831031__event_001"",""2018_831021__event_002"",""2018_830983__event_002"",""2018_830991__event_002"",""2018_830973__event_001""]",5,1,0.741490083816305,1,77,137,214,1,1,0
tokyo_42282_relational_after,42282,relational_after,24,5,"[""2018_852454__event_002"",""2018_852454__event_001"",""2018_852419__event_001"",""2018_852419__event_002"",""2018_852420__event_001""]",5,1,0.734127557254907,1,24,67,78,4,1,3
tokyo_42282_semantic,42282,semantic,24,5,"[""2018_852463__event_001"",""2018_852433__event_001"",""2018_852463__event_002"",""2018_852473__event_001"",""2018_852420__event_001""]",5,1,0.719656037936415,1,24,67,78,4,2,2
tokyo_42282_temporal_spatial,42282,temporal_spatial,24,5,"[""2018_852463__event_001"",""2018_852463__event_002"",""2018_852454__event_004"",""2018_852427__event_002"",""2018_852454__event_003""]",5,1,0.728197460701046,1,24,67,78,4,2,2
tokyo_44616_relational_after,44616,relational_after,39,5,"[""2018_895859__event_002"",""2018_895859__event_001"",""2018_895859__event_003"",""2018_895858__event_003"",""2018_895858__event_002""]",5,1,0.744834385097086,1,39,102,137,1,1,0
tokyo_44616_semantic,44616,semantic,39,5,"[""2018_895850__event_003"",""2018_895859__event_005"",""2018_895860__event_002"",""2018_895850__event_004"",""2018_895860__event_001""]",5,1,0.743159924170847,1,39,102,137,1,1,0
tokyo_44616_temporal_spatial,44616,temporal_spatial,39,5,"[""2018_895852__event_004"",""2018_895862__event_003"",""2018_895855__event_004"",""2018_895860__event_003"",""2018_895852__event_005""]",5,1,0.742708665500695,1,39,102,137,1,1,0
tokyo_45189_relational_after,45189,relational_after,25,5,"[""2018_907314__event_003"",""2018_907314__event_002"",""2018_907314__event_001"",""2018_907304__event_002"",""2018_907321__event_001""]",5,1,0.734095908674695,1,25,69,85,2,1,1
tokyo_45189_semantic,45189,semantic,25,5,"[""2018_907312__event_002"",""2018_907301__event_002"",""2018_907312__event_001"",""2018_907313__event_001"",""2018_907312__event_003""]",5,1,0.726779788702939,1,25,69,85,2,1,1
tokyo_45189_temporal_spatial,45189,temporal_spatial,25,5,"[""2018_907321__event_001"",""2018_907304__event_002"",""2018_907314__event_003"",""2018_907313__event_002"",""2018_907313__event_001""]",5,1,0.735029800821207,1,25,69,85,2,1,1
tokyo_45205_relational_after,45205,relational_after,140,5,"[""2018_907560__event_003"",""2018_907479__event_002"",""2018_907559__event_001"",""2018_907468__event_002"",""2018_907549__event_001""]",5,1,0.757968362518905,1,140,252,403,1,1,0
tokyo_45205_semantic,45205,semantic,140,5,"[""2018_907576__event_001"",""2018_907520__event_001"",""2018_907508__event_002"",""2018_907560__event_001"",""2018_907508__event_001""]",5,1,0.720423630807106,1,140,252,403,1,1,0
tokyo_45205_temporal_spatial,45205,temporal_spatial,140,5,"[""2018_907479__event_003"",""2018_907522__event_002"",""2018_907559__event_006"",""2018_907478__event_002"",""2018_907488__event_001""]",5,1,0.751436449214672,1,140,252,403,1,1,0
tokyo_50046_relational_after,50046,relational_after,55,5,"[""2018_1003995__event_001"",""2018_1004059__event_001"",""2018_1003981__event_002"",""2018_1004059__event_002"",""2018_1003981__event_001""]",5,1,0.736531322636204,1,55,143,180,2,1,1
tokyo_50046_semantic,50046,semantic,55,5,"[""2018_1003971__event_002"",""2018_1004026__event_002"",""2018_1004013__event_001"",""2018_1004013__event_002"",""2018_1003982__event_002""]",5,1,0.716799962150202,1,55,143,180,2,1,1
tokyo_50046_temporal_spatial,50046,temporal_spatial,55,5,"[""2018_1004028__event_001"",""2018_1003982__event_002"",""2018_1004024__event_001"",""2018_1004059__event_001"",""2018_1004003__event_002""]",5,1,0.723248702134521,1,55,143,180,2,1,1
tokyo_51031_relational_after,51031,relational_after,49,5,"[""2018_1023518__event_001"",""2018_1023518__event_002"",""2018_1023518__event_003"",""2018_1023537__event_002"",""2018_1023533__event_002""]",5,1,0.749095779461608,1,49,120,155,2,2,0
tokyo_51031_semantic,51031,semantic,49,5,"[""2018_1023533__event_001"",""2018_1023533__event_002"",""2018_1023541__event_001"",""2018_1023524__event_001"",""2018_1023527__event_002""]",5,1,0.744429003573657,1,49,120,155,2,1,1
tokyo_51031_temporal_spatial,51031,temporal_spatial,49,5,"[""2018_1023533__event_003"",""2018_1023522__event_001"",""2018_1023540__event_001"",""2018_1023521__event_001"",""2018_1023519__event_001""]",5,1,0.732241832015335,1,49,120,155,2,1,1
tokyo_51516_relational_after,51516,relational_after,33,5,"[""2018_1033040__event_001"",""2018_1033040__event_002"",""2018_1033058__event_001"",""2018_1033029__event_001"",""2018_1033029__event_002""]",5,1,0.733236998266704,1,33,80,107,1,1,0
tokyo_51516_semantic,51516,semantic,33,5,"[""2018_1033014__event_002"",""2018_1033007__event_001"",""2018_1033029__event_003"",""2018_1033014__event_003"",""2018_1033115__event_002""]",5,1,0.733447725236646,1,33,80,107,1,1,0
tokyo_51516_temporal_spatial,51516,temporal_spatial,33,5,"[""2018_1033064__event_001"",""2018_1033126__event_001"",""2018_1033114__event_001"",""2018_1033096__event_001"",""2018_1033044__event_001""]",5,1,0.725090825306874,1,33,80,107,1,1,0
tokyo_52894_relational_after,52894,relational_after,43,5,"[""2018_1058960__event_001"",""2018_1058960__event_002"",""2018_1058980__event_001"",""2018_1058960__event_003"",""2018_1058980__event_002""]",5,1,0.743258774521612,1,43,123,145,8,1,7
tokyo_52894_semantic,52894,semantic,43,5,"[""2018_1058963__event_001"",""2018_1058986__event_002"",""2018_1058965__event_001"",""2018_1058982__event_001"",""2018_1058972__event_001""]",5,1,0.725026559668927,1,43,123,145,8,2,6
tokyo_52894_temporal_spatial,52894,temporal_spatial,43,5,"[""2018_1058964__event_002"",""2018_1058986__event_002"",""2018_1058965__event_001"",""2018_1058972__event_001"",""2018_1058967__event_002""]",5,1,0.731227974003603,1,43,123,145,8,2,6
tokyo_53205_relational_after,53205,relational_after,40,5,"[""2018_1065533__event_001"",""2018_1065516__event_001"",""2018_1065540__event_003"",""2018_1065504__event_001"",""2018_1065531__event_001""]",5,1,0.736936155983922,1,40,97,129,1,1,0
tokyo_53205_semantic,53205,semantic,40,5,"[""2018_1065540__event_002"",""2018_1065532__event_001"",""2018_1065501__event_001"",""2018_1065532__event_002"",""2018_1065516__event_002""]",5,1,0.739319451661684,1,40,97,129,1,1,0
tokyo_53205_temporal_spatial,53205,temporal_spatial,40,5,"[""2018_1065533__event_001"",""2018_1065531__event_001"",""2018_1065540__event_003"",""2018_1065516__event_001"",""2018_1065530__event_002""]",5,1,0.745027480640676,1,40,97,129,1,1,0
tokyo_53405_relational_after,53405,relational_after,26,5,"[""2018_1069059__event_003"",""2018_1069059__event_002"",""2018_1069067__event_002"",""2018_1069059__event_001"",""2018_1069067__event_001""]",5,1,0.735179403841418,1,26,79,93,5,2,3
tokyo_53405_semantic,53405,semantic,26,5,"[""2018_1068990__event_002"",""2018_1068990__event_001"",""2018_1068997__event_001"",""2018_1069024__event_002"",""2018_1068997__event_002""]",5,1,0.72632068352924,1,26,79,93,5,1,4
tokyo_53405_temporal_spatial,53405,temporal_spatial,26,5,"[""2018_1068997__event_001"",""2018_1068997__event_002"",""2018_1069024__event_001"",""2018_1069001__event_002"",""2018_1068990__event_003""]",5,1,0.714197705767462,1,26,79,93,5,1,4
tokyo_55985_relational_after,55985,relational_after,30,5,"[""2018_1115816__event_002"",""2018_1115816__event_001"",""2018_1115830__event_001"",""2018_1115810__event_002"",""2018_1115811__event_002""]",5,1,0.729723424509357,1,30,73,95,1,1,0
tokyo_55985_semantic,55985,semantic,30,5,"[""2018_1115814__event_001"",""2018_1115810__event_002"",""2018_1115810__event_001"",""2018_1115820__event_002"",""2018_1115830__event_002""]",5,1,0.720083868435727,1,30,73,95,1,1,0
tokyo_55985_temporal_spatial,55985,temporal_spatial,30,5,"[""2018_1115818__event_001"",""2018_1115820__event_002"",""2018_1115820__event_001"",""2018_1115830__event_002"",""2018_1115830__event_001""]",5,1,0.717318602083678,1,30,73,95,1,1,0
tokyo_59554_relational_after,59554,relational_after,23,5,"[""2018_1176858__event_001"",""2018_1176879__event_001"",""2018_1176835__event_001"",""2018_1176901__event_001"",""2018_1176782__event_001""]",5,1,0.71906485529595,1,23,51,70,1,1,0
tokyo_59554_semantic,59554,semantic,23,5,"[""2018_1176853__event_001"",""2018_1176890__event_002"",""2018_1176852__event_001"",""2018_1176901__event_001"",""2018_1176858__event_001""]",5,1,0.72125645468624,1,23,51,70,1,1,0
tokyo_59554_temporal_spatial,59554,temporal_spatial,23,5,"[""2018_1176879__event_002"",""2018_1176829__event_002"",""2018_1176858__event_002"",""2018_1176901__event_002"",""2018_1176835__event_002""]",5,1,0.737317224791594,1,23,51,70,1,1,0
tokyo_60393_relational_after,60393,relational_after,170,5,"[""2018_1190515__event_002"",""2018_1190515__event_001"",""2018_1190501__event_002"",""2018_1190539__event_001"",""2018_1190499__event_005""]",5,1,0.74156988016861,1,170,331,532,1,1,0
tokyo_60393_semantic,60393,semantic,170,5,"[""2018_1190539__event_009"",""2018_1190532__event_003"",""2018_1190549__event_004"",""2018_1190480__event_001"",""2018_1190532__event_004""]",5,1,0.752854233369426,1,170,331,532,1,1,0
tokyo_60393_temporal_spatial,60393,temporal_spatial,170,5,"[""2018_1190583__event_004"",""2018_1190539__event_010"",""2018_1190539__event_009"",""2018_1190532__event_004"",""2018_1190543__event_003""]",5,1,0.753319129111821,1,170,331,532,1,1,0
tokyo_70564_relational_after,70564,relational_after,106,5,"[""2018_1332637__event_002"",""2018_1332637__event_001"",""2018_1332617__event_001"",""2018_1332668__event_002"",""2018_1332650__event_002""]",5,1,0.731570212951838,1,106,225,323,2,1,1
tokyo_70564_semantic,70564,semantic,106,5,"[""2018_1332642__event_003"",""2018_1332623__event_001"",""2018_1332641__event_002"",""2018_1332623__event_002"",""2018_1332692__event_004""]",5,1,0.721076977162072,1,106,225,323,2,2,0
tokyo_70564_temporal_spatial,70564,temporal_spatial,106,5,"[""2018_1332644__event_002"",""2018_1332658__event_003"",""2018_1332682__event_001"",""2018_1332668__event_003"",""2018_1332696__event_001""]",5,1,0.736556913739915,1,106,225,323,2,1,1
tokyo_70703_relational_after,70703,relational_after,47,5,"[""2018_1335107__event_001"",""2018_1335107__event_002"",""2018_1335098__event_002"",""2018_1335098__event_001"",""2018_1335093__event_005""]",5,1,0.716977345884259,1,47,126,159,4,2,2
tokyo_70703_semantic,70703,semantic,47,5,"[""2018_1335096__event_001"",""2018_1335116__event_002"",""2018_1335097__event_003"",""2018_1335093__event_001"",""2018_1335093__event_005""]",5,1,0.721234984030672,1,47,126,159,4,2,2
tokyo_70703_temporal_spatial,70703,temporal_spatial,47,5,"[""2018_1335104__event_002"",""2018_1335096__event_001"",""2018_1335093__event_004"",""2018_1335105__event_004"",""2018_1335107__event_001""]",5,1,0.725601020680192,1,47,126,159,4,3,1
tokyo_72210_relational_after,72210,relational_after,35,5,"[""2018_1357866__event_001"",""2018_1357875__event_002"",""2018_1357875__event_003"",""2018_1357875__event_001"",""2018_1357866__event_002""]",5,1,0.736528368177169,1,35,90,117,2,1,1
tokyo_72210_semantic,72210,semantic,35,5,"[""2018_1357863__event_002"",""2018_1357856__event_003"",""2018_1357857__event_004"",""2018_1357865__event_002"",""2018_1357878__event_002""]",5,1,0.730921867117161,1,35,90,117,2,1,1
tokyo_72210_temporal_spatial,72210,temporal_spatial,35,5,"[""2018_1357880__event_001"",""2018_1357892__event_001"",""2018_1357878__event_001"",""2018_1357857__event_001"",""2018_1357875__event_001""]",5,1,0.723136077306753,1,35,90,117,2,1,1
tokyo_72444_relational_after,72444,relational_after,29,5,"[""2018_1361355__event_004"",""2018_1361355__event_005"",""2018_1361416__event_002"",""2018_1361413__event_001"",""2018_1361372__event_002""]",5,1,0.743379717104996,1,29,68,93,1,1,0
tokyo_72444_semantic,72444,semantic,29,5,"[""2018_1361355__event_004"",""2018_1361355__event_005"",""2018_1361355__event_003"",""2018_1361354__event_002"",""2018_1361404__event_001""]",5,1,0.744913373887951,1,29,68,93,1,1,0
tokyo_72444_temporal_spatial,72444,temporal_spatial,29,5,"[""2018_1361348__event_002"",""2018_1361354__event_001"",""2018_1361378__event_002"",""2018_1361390__event_002"",""2018_1361378__event_001""]",5,1,0.735815756482702,1,29,68,93,1,1,0
tokyo_74188_relational_after,74188,relational_after,39,5,"[""2018_1388327__event_003"",""2018_1388327__event_002"",""2018_1388327__event_001"",""2018_1388323__event_004"",""2018_1388323__event_007""]",5,1,0.74779380164187,1,39,107,136,4,1,3
tokyo_74188_semantic,74188,semantic,39,5,"[""2018_1388318__event_002"",""2018_1388318__event_001"",""2018_1388319__event_001"",""2018_1388319__event_002"",""2018_1388313__event_002""]",5,1,0.733313944201599,1,39,107,136,4,2,2
tokyo_74188_temporal_spatial,74188,temporal_spatial,39,5,"[""2018_1388319__event_003"",""2018_1388318__event_001"",""2018_1388327__event_005"",""2018_1388319__event_002"",""2018_1388313__event_002""]",5,1,0.730700574575425,1,39,107,136,4,2,2
tokyo_74982_relational_after,74982,relational_after,24,5,"[""2018_1402558__event_001"",""2018_1402555__event_003"",""2018_1402558__event_002"",""2018_1402555__event_002"",""2018_1402586__event_002""]",5,1,0.726765621331361,1,24,74,85,4,2,2
tokyo_74982_semantic,74982,semantic,24,5,"[""2018_1402558__event_002"",""2018_1402555__event_002"",""2018_1402558__event_001"",""2018_1402573__event_002"",""2018_1402572__event_004""]",5,1,0.725168548923798,1,24,74,85,4,2,2
tokyo_74982_temporal_spatial,74982,temporal_spatial,24,5,"[""2018_1402556__event_002"",""2018_1402556__event_001"",""2018_1402590__event_003"",""2018_1402555__event_001"",""2018_1402609__event_002""]",5,1,0.715603484963049,1,24,74,85,4,1,3
tokyo_78286_relational_after,78286,relational_after,76,5,"[""2018_1453204__event_001"",""2018_1453204__event_002"",""2018_1453220__event_002"",""2018_1453199__event_001"",""2018_1453207__event_001""]",5,1,0.736909989596359,1,76,147,218,1,1,0
tokyo_78286_semantic,78286,semantic,76,5,"[""2018_1453199__event_002"",""2018_1453197__event_002"",""2018_1453188__event_002"",""2018_1453192__event_003"",""2018_1453197__event_001""]",5,1,0.738801672465889,1,76,147,218,1,1,0
tokyo_78286_temporal_spatial,78286,temporal_spatial,76,5,"[""2018_1453219__event_001"",""2018_1453198__event_001"",""2018_1453184__event_002"",""2018_1453213__event_002"",""2018_1453209__event_001""]",5,1,0.737219315817987,1,76,147,218,1,1,0
tokyo_79139_relational_after,79139,relational_after,32,5,"[""2018_1466945__event_002"",""2018_1466945__event_001"",""2018_1466952__event_001"",""2018_1466942__event_002"",""2018_1466944__event_002""]",5,1,0.74213629342911,1,32,72,99,1,1,0
tokyo_79139_semantic,79139,semantic,32,5,"[""2018_1466953__event_003"",""2018_1466944__event_001"",""2018_1466952__event_001"",""2018_1466945__event_001"",""2018_1466944__event_002""]",5,1,0.729125220554322,1,32,72,99,1,1,0
tokyo_79139_temporal_spatial,79139,temporal_spatial,32,5,"[""2018_1466948__event_002"",""2018_1466944__event_001"",""2018_1466945__event_001"",""2018_1466942__event_001"",""2018_1466953__event_003""]",5,1,0.732791505620583,1,32,72,99,1,1,0
tokyo_79719_relational_after,79719,relational_after,57,5,"[""2018_1475337__event_002"",""2018_1475337__event_001"",""2018_1475331__event_002"",""2018_1475389__event_001"",""2018_1475355__event_001""]",5,1,0.727964274414075,1,57,133,181,2,1,1
tokyo_79719_semantic,79719,semantic,57,5,"[""2018_1475331__event_001"",""2018_1475402__event_001"",""2018_1475398__event_001"",""2018_1475391__event_003"",""2018_1475351__event_001""]",5,1,0.722019855145099,1,57,133,181,2,1,1
tokyo_79719_temporal_spatial,79719,temporal_spatial,57,5,"[""2018_1475351__event_002"",""2018_1475387__event_002"",""2018_1475386__event_001"",""2018_1475345__event_001"",""2018_1475396__event_002""]",5,1,0.741657338140469,1,57,133,181,2,1,1
tokyo_80051_relational_after,80051,relational_after,34,5,"[""2018_1480024__event_002"",""2018_1480024__event_001"",""2018_1480045__event_001"",""2018_1480027__event_002"",""2018_1480043__event_001""]",5,1,0.723734689154025,1,34,98,116,2,1,1
tokyo_80051_semantic,80051,semantic,34,5,"[""2018_1480044__event_001"",""2018_1480012__event_002"",""2018_1480012__event_001"",""2018_1480045__event_001"",""2018_1480032__event_003""]",5,1,0.718751800064902,1,34,98,116,2,2,0
tokyo_80051_temporal_spatial,80051,temporal_spatial,34,5,"[""2018_1480056__event_001"",""2018_1480045__event_002"",""2018_1480050__event_001"",""2018_1480050__event_002"",""2018_1480027__event_003""]",5,1,0.714418061658922,1,34,98,116,2,1,1
tokyo_80415_relational_after,80415,relational_after,25,5,"[""2018_1485522__event_002"",""2018_1485522__event_003"",""2018_1485522__event_001"",""2018_1485496__event_002"",""2018_1485532__event_002""]",5,1,0.735173541259386,1,25,62,78,1,1,0
tokyo_80415_semantic,80415,semantic,25,5,"[""2018_1485473__event_002"",""2018_1485473__event_003"",""2018_1485473__event_001"",""2018_1485522__event_001"",""2018_1485514__event_002""]",5,1,0.739465826012318,1,25,62,78,1,1,0
tokyo_80415_temporal_spatial,80415,temporal_spatial,25,5,"[""2018_1485532__event_002"",""2018_1485536__event_002"",""2018_1485532__event_001"",""2018_1485496__event_002"",""2018_1485536__event_001""]",5,1,0.727404635502789,1,25,62,78,1,1,0
tokyo_80480_relational_after,80480,relational_after,38,5,"[""2018_1486542__event_001"",""2018_1486542__event_002"",""2018_1486537__event_004"",""2018_1486542__event_003"",""2018_1486523__event_001""]",5,1,0.73308597591177,1,38,84,116,1,1,0
tokyo_80480_semantic,80480,semantic,38,5,"[""2018_1486548__event_001"",""2018_1486540__event_003"",""2018_1486514__event_002"",""2018_1486537__event_004"",""2018_1486542__event_001""]",5,1,0.720910793534378,1,38,84,116,1,1,0
tokyo_80480_temporal_spatial,80480,temporal_spatial,38,5,"[""2018_1486544__event_002"",""2018_1486514__event_001"",""2018_1486537__event_002"",""2018_1486542__event_001"",""2018_1486551__event_002""]",5,1,0.739001279015322,1,38,84,116,1,1,0
tokyo_86988_relational_after,86988,relational_after,47,5,"[""2018_1596296__event_001"",""2018_1596296__event_002"",""2018_1596277__event_003"",""2018_1596283__event_002"",""2018_1596283__event_001""]",5,1,0.738469967645588,1,47,93,137,1,1,0
tokyo_86988_semantic,86988,semantic,47,5,"[""2018_1596327__event_005"",""2018_1596283__event_002"",""2018_1596283__event_001"",""2018_1596317__event_001"",""2018_1596327__event_001""]",5,1,0.738154280725488,1,47,93,137,1,1,0
tokyo_86988_temporal_spatial,86988,temporal_spatial,47,5,"[""2018_1596277__event_003"",""2018_1596283__event_002"",""2018_1596324__event_002"",""2018_1596284__event_002"",""2018_1596300__event_003""]",5,1,0.743756272389475,1,47,93,137,1,1,0
tokyo_87391_temporal_spatial,87391,temporal_spatial,20,5,"[""2018_1602172__event_001"",""2018_1602162__event_001"",""2018_1602172__event_002"",""2018_1602165__event_001"",""2018_1602164__event_002""]",5,1,0.725938156144368,1,20,42,57,1,1,0
tokyo_88625_relational_after,88625,relational_after,32,5,"[""2018_1619235__event_003"",""2018_1619225__event_003"",""2018_1619235__event_004"",""2018_1619225__event_002"",""2018_1619235__event_002""]",5,1,0.755193561226433,1,32,77,103,3,1,2
tokyo_88625_semantic,88625,semantic,32,5,"[""2018_1619218__event_002"",""2018_1619230__event_001"",""2018_1619234__event_002"",""2018_1619240__event_002"",""2018_1619236__event_001""]",5,1,0.724123010991392,1,32,77,103,3,2,1
tokyo_88625_temporal_spatial,88625,temporal_spatial,32,5,"[""2018_1619221__event_002"",""2018_1619240__event_001"",""2018_1619234__event_001"",""2018_1619222__event_001"",""2018_1619231__event_003""]",5,1,0.736699976168837,1,32,77,103,3,1,2
tokyo_88793_relational_after,88793,relational_after,50,5,"[""2018_1621573__event_002"",""2018_1621573__event_001"",""2018_1621582__event_001"",""2018_1621590__event_001"",""2018_1621566__event_002""]",5,1,0.719153037656629,1,50,124,160,4,2,2
tokyo_88793_semantic,88793,semantic,50,5,"[""2018_1621568__event_002"",""2018_1621568__event_001"",""2018_1621567__event_002"",""2018_1621562__event_004"",""2018_1621564__event_001""]",5,1,0.723925332900303,1,50,124,160,4,2,2
tokyo_88793_temporal_spatial,88793,temporal_spatial,50,5,"[""2018_1621582__event_002"",""2018_1621591__event_002"",""2018_1621582__event_001"",""2018_1621580__event_001"",""2018_1621573__event_002""]",5,1,0.717790490150585,1,50,124,160,4,2,2
