query_id,user_id,query_type,candidate_count,positive_personalization_event_count,zero_personalization_event_count,personalization_event_weight_sum,full_graph_ppr_score_sum,event_only_ppr_score_sum,component_count
tokyo_100159_relational_after,100159,relational_after,44,44,0,1,1,0.72599111472337,1
tokyo_100159_semantic,100159,semantic,44,44,0,1,1,0.72593224833469,1
tokyo_100159_temporal_spatial,100159,temporal_spatial,44,44,0,1,1,0.725923416885328,1
tokyo_100312_relational_after,100312,relational_after,70,70,0,1,1,0.731843454637457,2
tokyo_100312_semantic,100312,semantic,70,70,0,1,1,0.731712628237503,2
tokyo_100312_temporal_spatial,100312,temporal_spatial,70,70,0,1,1,0.731679428656614,2
tokyo_100677_relational_after,100677,relational_after,20,20,0,1,1,0.719648634134875,3
tokyo_100677_semantic,100677,semantic,20,20,0,1,1,0.719687634042305,3
tokyo_100677_temporal_spatial,100677,temporal_spatial,20,20,0,1,1,0.719744854263078,3
tokyo_101467_relational_after,101467,relational_after,42,42,0,1,1,0.726828681515058,4
tokyo_101467_semantic,101467,semantic,42,42,0,1,1,0.726538609856514,4
tokyo_101467_temporal_spatial,101467,temporal_spatial,42,42,0,1,1,0.726583682690839,4
tokyo_103621_relational_after,103621,relational_after,26,26,0,1,1,0.727748410071113,1
tokyo_103621_semantic,103621,semantic,26,26,0,1,1,0.727729453108657,1
tokyo_103621_temporal_spatial,103621,temporal_spatial,26,26,0,1,1,0.727650278183371,1
tokyo_106628_relational_after,106628,relational_after,88,88,0,1,1,0.729742467491494,2
tokyo_106628_semantic,106628,semantic,88,88,0,1,1,0.729621231789804,2
tokyo_106628_temporal_spatial,106628,temporal_spatial,88,88,0,1,1,0.729653691186265,2
tokyo_109617_relational_after,109617,relational_after,69,69,0,1,1,0.733070711853436,2
tokyo_109617_semantic,109617,semantic,69,69,0,1,1,0.733124082271182,2
tokyo_109617_temporal_spatial,109617,temporal_spatial,69,69,0,1,1,0.733099036320863,2
tokyo_109621_relational_after,109621,relational_after,92,92,0,1,1,0.744402994645126,2
tokyo_109621_semantic,109621,semantic,92,92,0,1,1,0.744549832010286,2
tokyo_109621_temporal_spatial,109621,temporal_spatial,92,92,0,1,1,0.744505666826551,2
tokyo_113499_relational_after,113499,relational_after,37,37,0,1,1,0.735946473352384,1
tokyo_113499_semantic,113499,semantic,37,37,0,1,1,0.73577535138843,1
tokyo_113499_temporal_spatial,113499,temporal_spatial,37,37,0,1,1,0.735885900281139,1
tokyo_113897_relational_after,113897,relational_after,39,39,0,1,1,0.733343463420739,1
tokyo_113897_semantic,113897,semantic,39,39,0,1,1,0.733186807718284,1
tokyo_113897_temporal_spatial,113897,temporal_spatial,39,39,0,1,1,0.733346626852426,1
tokyo_115855_relational_after,115855,relational_after,22,22,0,1,1,0.728537038550764,3
tokyo_115855_semantic,115855,semantic,22,22,0,1,1,0.72807172495496,3
tokyo_115855_temporal_spatial,115855,temporal_spatial,22,22,0,1,1,0.72769300948601,3
tokyo_1172_relational_after,1172,relational_after,73,73,0,1,1,0.741448983619153,2
tokyo_1172_semantic,1172,semantic,73,73,0,1,1,0.74138357803812,2
tokyo_1172_temporal_spatial,1172,temporal_spatial,73,73,0,1,1,0.741473668741052,2
tokyo_119597_relational_after,119597,relational_after,37,37,0,1,1,0.738645393419517,1
tokyo_119597_semantic,119597,semantic,37,37,0,1,1,0.738373885207552,1
tokyo_119597_temporal_spatial,119597,temporal_spatial,37,37,0,1,1,0.738475083401191,1
tokyo_121554_relational_after,121554,relational_after,31,31,0,1,1,0.737828214757563,2
tokyo_121554_semantic,121554,semantic,31,31,0,1,1,0.737806143927576,2
tokyo_121554_temporal_spatial,121554,temporal_spatial,31,31,0,1,1,0.737896661370927,2
tokyo_126183_relational_after,126183,relational_after,71,71,0,1,1,0.744914124393048,3
tokyo_126183_semantic,126183,semantic,71,71,0,1,1,0.744820587191157,3
tokyo_126183_temporal_spatial,126183,temporal_spatial,71,71,0,1,1,0.744832672835263,3
tokyo_127201_relational_after,127201,relational_after,38,38,0,1,1,0.730623234785365,1
tokyo_127201_semantic,127201,semantic,38,38,0,1,1,0.730280080705201,1
tokyo_127201_temporal_spatial,127201,temporal_spatial,38,38,0,1,1,0.730425120248422,1
tokyo_129047_relational_after,129047,relational_after,21,21,0,1,1,0.738199965246353,1
tokyo_129047_semantic,129047,semantic,21,21,0,1,1,0.738707255408388,1
tokyo_129047_temporal_spatial,129047,temporal_spatial,21,21,0,1,1,0.7387115899017,1
tokyo_130084_relational_after,130084,relational_after,79,79,0,1,1,0.741597181145152,3
tokyo_130084_semantic,130084,semantic,79,79,0,1,1,0.741519163878706,3
tokyo_130084_temporal_spatial,130084,temporal_spatial,79,79,0,1,1,0.741458501702493,3
tokyo_130568_relational_after,130568,relational_after,34,34,0,1,1,0.744384289986606,1
tokyo_130568_semantic,130568,semantic,34,34,0,1,1,0.744452907365866,1
tokyo_130568_temporal_spatial,130568,temporal_spatial,34,34,0,1,1,0.744630062281096,1
tokyo_130777_relational_after,130777,relational_after,34,34,0,1,1,0.732221328916249,3
tokyo_130777_semantic,130777,semantic,34,34,0,1,1,0.731969905892527,3
tokyo_130777_temporal_spatial,130777,temporal_spatial,34,34,0,1,1,0.732037489911632,3
tokyo_130872_relational_after,130872,relational_after,34,34,0,1,1,0.736849365325027,1
tokyo_130872_semantic,130872,semantic,34,34,0,1,1,0.736875873715831,1
tokyo_130872_temporal_spatial,130872,temporal_spatial,34,34,0,1,1,0.736787321581442,1
tokyo_131525_relational_after,131525,relational_after,36,36,0,1,1,0.734902434157571,1
tokyo_131525_semantic,131525,semantic,36,36,0,1,1,0.734895831242998,1
tokyo_131525_temporal_spatial,131525,temporal_spatial,36,36,0,1,1,0.734893455831209,1
tokyo_132723_relational_after,132723,relational_after,48,48,0,1,1,0.730769787805532,1
tokyo_132723_semantic,132723,semantic,48,48,0,1,1,0.730698425489228,1
tokyo_132723_temporal_spatial,132723,temporal_spatial,48,48,0,1,1,0.730731373383574,1
tokyo_134307_relational_after,134307,relational_after,28,28,0,1,1,0.720047791938158,4
tokyo_134307_semantic,134307,semantic,28,28,0,1,1,0.719825194903784,4
tokyo_134307_temporal_spatial,134307,temporal_spatial,28,28,0,1,1,0.719794748910337,4
tokyo_135393_relational_after,135393,relational_after,46,46,0,1,1,0.734347690963362,1
tokyo_135393_semantic,135393,semantic,46,46,0,1,1,0.734195982851645,1
tokyo_135393_temporal_spatial,135393,temporal_spatial,46,46,0,1,1,0.734241818099445,1
tokyo_138301_relational_after,138301,relational_after,39,39,0,1,1,0.738276869069266,2
tokyo_138301_semantic,138301,semantic,39,39,0,1,1,0.738010075686671,2
tokyo_138301_temporal_spatial,138301,temporal_spatial,39,39,0,1,1,0.738053094109983,2
tokyo_139656_relational_after,139656,relational_after,55,55,0,1,1,0.747142065245563,1
tokyo_139656_semantic,139656,semantic,55,55,0,1,1,0.747058307239369,1
tokyo_139656_temporal_spatial,139656,temporal_spatial,55,55,0,1,1,0.747155908289219,1
tokyo_140734_relational_after,140734,relational_after,24,24,0,1,1,0.722536445229846,3
tokyo_140734_semantic,140734,semantic,24,24,0,1,1,0.722337011046151,3
tokyo_140734_temporal_spatial,140734,temporal_spatial,24,24,0,1,1,0.722972973329238,3
tokyo_140775_relational_after,140775,relational_after,23,23,0,1,1,0.724147306405751,2
tokyo_140775_semantic,140775,semantic,23,23,0,1,1,0.72428814758797,2
tokyo_140775_temporal_spatial,140775,temporal_spatial,23,23,0,1,1,0.724141301170265,2
tokyo_149225_relational_after,149225,relational_after,33,33,0,1,1,0.736790553109058,1
tokyo_149225_semantic,149225,semantic,33,33,0,1,1,0.736615200585375,1
tokyo_149225_temporal_spatial,149225,temporal_spatial,33,33,0,1,1,0.736656991204164,1
tokyo_152722_relational_after,152722,relational_after,33,33,0,1,1,0.739458135461986,1
tokyo_152722_semantic,152722,semantic,33,33,0,1,1,0.739227660435245,1
tokyo_152722_temporal_spatial,152722,temporal_spatial,33,33,0,1,1,0.739214179807322,1
tokyo_156873_relational_after,156873,relational_after,116,116,0,1,1,0.739676366869648,3
tokyo_156873_semantic,156873,semantic,116,116,0,1,1,0.73970115816796,3
tokyo_156873_temporal_spatial,156873,temporal_spatial,116,116,0,1,1,0.739706283033484,3
tokyo_167728_relational_after,167728,relational_after,59,59,0,1,1,0.735513690466852,5
tokyo_167728_semantic,167728,semantic,59,59,0,1,1,0.735551844848861,5
tokyo_167728_temporal_spatial,167728,temporal_spatial,59,59,0,1,1,0.735567534153706,5
tokyo_169053_relational_after,169053,relational_after,25,25,0,1,1,0.73830272553305,1
tokyo_169053_semantic,169053,semantic,25,25,0,1,1,0.737984873700907,1
tokyo_169053_temporal_spatial,169053,temporal_spatial,25,25,0,1,1,0.738307697727472,1
tokyo_171659_relational_after,171659,relational_after,26,26,0,1,1,0.728830353006569,2
tokyo_171659_semantic,171659,semantic,26,26,0,1,1,0.728665587590604,2
tokyo_171659_temporal_spatial,171659,temporal_spatial,26,26,0,1,1,0.728464040896972,2
tokyo_178798_relational_after,178798,relational_after,26,26,0,1,1,0.721463866218717,5
tokyo_178798_semantic,178798,semantic,26,26,0,1,1,0.721385042024691,5
tokyo_178798_temporal_spatial,178798,temporal_spatial,26,26,0,1,1,0.721355333985255,5
tokyo_19379_relational_after,19379,relational_after,80,80,0,1,1,0.734317373796464,2
tokyo_19379_semantic,19379,semantic,80,80,0,1,1,0.734229709864199,2
tokyo_19379_temporal_spatial,19379,temporal_spatial,80,80,0,1,1,0.734251219118222,2
tokyo_210254_relational_after,210254,relational_after,29,29,0,1,1,0.721672871082792,5
tokyo_210254_semantic,210254,semantic,29,29,0,1,1,0.721827249426831,5
tokyo_210254_temporal_spatial,210254,temporal_spatial,29,29,0,1,1,0.721778021723345,5
tokyo_223807_relational_after,223807,relational_after,26,26,0,1,1,0.7275391292311,2
tokyo_223807_semantic,223807,semantic,26,26,0,1,1,0.727282782033658,2
tokyo_223807_temporal_spatial,223807,temporal_spatial,26,26,0,1,1,0.727307037239933,2
tokyo_2309_relational_after,2309,relational_after,34,34,0,1,1,0.741089124526227,1
tokyo_2309_semantic,2309,semantic,34,34,0,1,1,0.740898892271436,1
tokyo_2309_temporal_spatial,2309,temporal_spatial,34,34,0,1,1,0.740737213028321,1
tokyo_23925_relational_after,23925,relational_after,43,43,0,1,1,0.740406976708904,1
tokyo_23925_semantic,23925,semantic,43,43,0,1,1,0.740380374047063,1
tokyo_23925_temporal_spatial,23925,temporal_spatial,43,43,0,1,1,0.740398074874001,1
tokyo_24620_relational_after,24620,relational_after,70,70,0,1,1,0.763913195678703,1
tokyo_24620_temporal_spatial,24620,temporal_spatial,70,70,0,1,1,0.763895790357432,1
tokyo_24664_relational_after,24664,relational_after,69,69,0,1,1,0.729234131551992,5
tokyo_24664_semantic,24664,semantic,69,69,0,1,1,0.728990682443442,5
tokyo_24664_temporal_spatial,24664,temporal_spatial,69,69,0,1,1,0.728978239156605,5
tokyo_24765_relational_after,24765,relational_after,51,51,0,1,1,0.72119132766587,6
tokyo_24765_semantic,24765,semantic,51,51,0,1,1,0.721319149444762,6
tokyo_24765_temporal_spatial,24765,temporal_spatial,51,51,0,1,1,0.721295803900207,6
tokyo_254908_relational_after,254908,relational_after,33,33,0,1,1,0.736340483925234,3
tokyo_254908_semantic,254908,semantic,33,33,0,1,1,0.73606468434121,3
tokyo_254908_temporal_spatial,254908,temporal_spatial,33,33,0,1,1,0.736046201656182,3
tokyo_259163_relational_after,259163,relational_after,28,28,0,1,1,0.737128531415225,2
tokyo_259163_semantic,259163,semantic,28,28,0,1,1,0.73698476238558,2
tokyo_259163_temporal_spatial,259163,temporal_spatial,28,28,0,1,1,0.737014694493394,2
tokyo_263152_relational_after,263152,relational_after,27,27,0,1,1,0.726265843099838,2
tokyo_263152_semantic,263152,semantic,27,27,0,1,1,0.726457284745214,2
tokyo_263152_temporal_spatial,263152,temporal_spatial,27,27,0,1,1,0.726361865416179,2
tokyo_264627_relational_after,264627,relational_after,59,59,0,1,1,0.731963963751655,2
tokyo_264627_semantic,264627,semantic,59,59,0,1,1,0.731983254138858,2
tokyo_264627_temporal_spatial,264627,temporal_spatial,59,59,0,1,1,0.731985906677673,2
tokyo_267704_relational_after,267704,relational_after,48,48,0,1,1,0.757207739812072,1
tokyo_267704_semantic,267704,semantic,48,48,0,1,1,0.75725361267154,1
tokyo_267704_temporal_spatial,267704,temporal_spatial,48,48,0,1,1,0.757269243059505,1
tokyo_26786_relational_after,26786,relational_after,256,256,0,1,1,0.762853479719823,1
tokyo_26786_semantic,26786,semantic,256,256,0,1,1,0.762932390378007,1
tokyo_26786_temporal_spatial,26786,temporal_spatial,256,256,0,1,1,0.7628429790775,1
tokyo_277915_relational_after,277915,relational_after,40,40,0,1,1,0.735830413443926,1
tokyo_277915_semantic,277915,semantic,40,40,0,1,1,0.735625705779458,1
tokyo_277915_temporal_spatial,277915,temporal_spatial,40,40,0,1,1,0.735733290354006,1
tokyo_280210_relational_after,280210,relational_after,63,63,0,1,1,0.742427888875334,1
tokyo_280210_semantic,280210,semantic,63,63,0,1,1,0.742437502406236,1
tokyo_280210_temporal_spatial,280210,temporal_spatial,63,63,0,1,1,0.742372189878369,1
tokyo_281448_relational_after,281448,relational_after,35,35,0,1,1,0.740890057774267,1
tokyo_281448_semantic,281448,semantic,35,35,0,1,1,0.740800765770503,1
tokyo_281448_temporal_spatial,281448,temporal_spatial,35,35,0,1,1,0.740856590328179,1
tokyo_283450_relational_after,283450,relational_after,74,74,0,1,1,0.736443314647561,2
tokyo_283450_semantic,283450,semantic,74,74,0,1,1,0.736286710749496,2
tokyo_283450_temporal_spatial,283450,temporal_spatial,74,74,0,1,1,0.736184709721736,2
tokyo_286142_relational_after,286142,relational_after,21,21,0,1,1,0.725046107587862,2
tokyo_286142_semantic,286142,semantic,21,21,0,1,1,0.72495848726548,2
tokyo_286142_temporal_spatial,286142,temporal_spatial,21,21,0,1,1,0.724981243243593,2
tokyo_286382_relational_after,286382,relational_after,23,23,0,1,1,0.723165592795539,2
tokyo_286382_semantic,286382,semantic,23,23,0,1,1,0.723375486230302,2
tokyo_286382_temporal_spatial,286382,temporal_spatial,23,23,0,1,1,0.723401763227807,2
tokyo_28664_relational_after,28664,relational_after,56,56,0,1,1,0.7410876766803,3
tokyo_28664_semantic,28664,semantic,56,56,0,1,1,0.740240578244612,3
tokyo_28664_temporal_spatial,28664,temporal_spatial,56,56,0,1,1,0.740269277691581,3
tokyo_28697_relational_after,28697,relational_after,37,37,0,1,1,0.743639402907252,1
tokyo_28697_semantic,28697,semantic,37,37,0,1,1,0.743860212111875,1
tokyo_28697_temporal_spatial,28697,temporal_spatial,37,37,0,1,1,0.743896787624132,1
tokyo_290806_relational_after,290806,relational_after,36,36,0,1,1,0.730922982873014,3
tokyo_290806_semantic,290806,semantic,36,36,0,1,1,0.731163921002678,3
tokyo_290806_temporal_spatial,290806,temporal_spatial,36,36,0,1,1,0.730996223701462,3
tokyo_29501_relational_after,29501,relational_after,36,36,0,1,1,0.730422042544376,2
tokyo_29501_semantic,29501,semantic,36,36,0,1,1,0.730071530052692,2
tokyo_29501_temporal_spatial,29501,temporal_spatial,36,36,0,1,1,0.730225096584972,2
tokyo_29757_relational_after,29757,relational_after,41,41,0,1,1,0.745112492868676,1
tokyo_29757_semantic,29757,semantic,41,41,0,1,1,0.745162906959732,1
tokyo_29757_temporal_spatial,29757,temporal_spatial,41,41,0,1,1,0.745162485502495,1
tokyo_29764_relational_after,29764,relational_after,28,28,0,1,1,0.745390793130091,1
tokyo_29764_semantic,29764,semantic,28,28,0,1,1,0.745442742744691,1
tokyo_29764_temporal_spatial,29764,temporal_spatial,28,28,0,1,1,0.745507370734272,1
tokyo_31204_relational_after,31204,relational_after,27,27,0,1,1,0.730701387069547,2
tokyo_31204_semantic,31204,semantic,27,27,0,1,1,0.730590682966206,2
tokyo_31204_temporal_spatial,31204,temporal_spatial,27,27,0,1,1,0.730413363067975,2
tokyo_32545_relational_after,32545,relational_after,106,106,0,1,1,0.7386049555267,1
tokyo_32545_semantic,32545,semantic,106,106,0,1,1,0.738478856065563,1
tokyo_32545_temporal_spatial,32545,temporal_spatial,106,106,0,1,1,0.738536700698258,1
tokyo_325605_relational_after,325605,relational_after,82,82,0,1,1,0.739639880594839,2
tokyo_325605_semantic,325605,semantic,82,82,0,1,1,0.739639512626086,2
tokyo_325605_temporal_spatial,325605,temporal_spatial,82,82,0,1,1,0.739668562161273,2
tokyo_328941_relational_after,328941,relational_after,23,23,0,1,1,0.727885943884797,1
tokyo_328941_semantic,328941,semantic,23,23,0,1,1,0.728136354570854,1
tokyo_328941_temporal_spatial,328941,temporal_spatial,23,23,0,1,1,0.728187064984654,1
tokyo_339444_relational_after,339444,relational_after,31,31,0,1,1,0.741704055336024,1
tokyo_339444_semantic,339444,semantic,31,31,0,1,1,0.741488734044041,1
tokyo_339444_temporal_spatial,339444,temporal_spatial,31,31,0,1,1,0.741602779699266,1
tokyo_342180_relational_after,342180,relational_after,49,49,0,1,1,0.736695669688295,2
tokyo_342180_semantic,342180,semantic,49,49,0,1,1,0.736655792727823,2
tokyo_342180_temporal_spatial,342180,temporal_spatial,49,49,0,1,1,0.736285114069014,2
tokyo_34258_relational_after,34258,relational_after,42,42,0,1,1,0.760619626108989,1
tokyo_34258_semantic,34258,semantic,42,42,0,1,1,0.760487312526836,1
tokyo_34258_temporal_spatial,34258,temporal_spatial,42,42,0,1,1,0.760470289145228,1
tokyo_347501_relational_after,347501,relational_after,20,20,0,1,1,0.734703121730229,1
tokyo_347501_temporal_spatial,347501,temporal_spatial,20,20,0,1,1,0.734918181019129,1
tokyo_348059_relational_after,348059,relational_after,63,63,0,1,1,0.752601899900575,1
tokyo_348059_semantic,348059,semantic,63,63,0,1,1,0.75230550467229,1
tokyo_348059_temporal_spatial,348059,temporal_spatial,63,63,0,1,1,0.752118784823268,1
tokyo_348682_relational_after,348682,relational_after,22,22,0,1,1,0.729072902737195,2
tokyo_348682_semantic,348682,semantic,22,22,0,1,1,0.728696015902028,2
tokyo_348682_temporal_spatial,348682,temporal_spatial,22,22,0,1,1,0.728540387250655,2
tokyo_350248_relational_after,350248,relational_after,54,54,0,1,1,0.732920189961591,2
tokyo_350248_semantic,350248,semantic,54,54,0,1,1,0.733000710874751,2
tokyo_350248_temporal_spatial,350248,temporal_spatial,54,54,0,1,1,0.732879539628505,2
tokyo_356419_relational_after,356419,relational_after,33,33,0,1,1,0.740122923214331,1
tokyo_356419_semantic,356419,semantic,33,33,0,1,1,0.739931869902965,1
tokyo_356419_temporal_spatial,356419,temporal_spatial,33,33,0,1,1,0.739955752565042,1
tokyo_35718_relational_after,35718,relational_after,26,26,0,1,1,0.735769097113058,2
tokyo_35718_semantic,35718,semantic,26,26,0,1,1,0.735587679603583,2
tokyo_35718_temporal_spatial,35718,temporal_spatial,26,26,0,1,1,0.735614503898699,2
tokyo_362630_relational_after,362630,relational_after,24,24,0,1,1,0.717931310750136,6
tokyo_362630_semantic,362630,semantic,24,24,0,1,1,0.717920988973378,6
tokyo_362630_temporal_spatial,362630,temporal_spatial,24,24,0,1,1,0.717937886569582,6
tokyo_36487_relational_after,36487,relational_after,54,54,0,1,1,0.736110632665704,1
tokyo_36487_semantic,36487,semantic,54,54,0,1,1,0.736069110919521,1
tokyo_36487_temporal_spatial,36487,temporal_spatial,54,54,0,1,1,0.735838526430983,1
tokyo_365381_relational_after,365381,relational_after,24,24,0,1,1,0.728463844031294,3
tokyo_365381_semantic,365381,semantic,24,24,0,1,1,0.728128790442609,3
tokyo_365381_temporal_spatial,365381,temporal_spatial,24,24,0,1,1,0.72839727224354,3
tokyo_41088_relational_after,41088,relational_after,77,77,0,1,1,0.747390109576467,1
tokyo_41088_semantic,41088,semantic,77,77,0,1,1,0.747317371829,1
tokyo_41088_temporal_spatial,41088,temporal_spatial,77,77,0,1,1,0.747366885762935,1
tokyo_42282_relational_after,42282,relational_after,24,24,0,1,1,0.724592643261026,4
tokyo_42282_semantic,42282,semantic,24,24,0,1,1,0.724340168579836,4
tokyo_42282_temporal_spatial,42282,temporal_spatial,24,24,0,1,1,0.724358512901129,4
tokyo_44616_relational_after,44616,relational_after,39,39,0,1,1,0.745491999854075,1
tokyo_44616_semantic,44616,semantic,39,39,0,1,1,0.745407554817119,1
tokyo_44616_temporal_spatial,44616,temporal_spatial,39,39,0,1,1,0.745522494548063,1
tokyo_45189_relational_after,45189,relational_after,25,25,0,1,1,0.729662733274807,2
tokyo_45189_semantic,45189,semantic,25,25,0,1,1,0.729438643602549,2
tokyo_45189_temporal_spatial,45189,temporal_spatial,25,25,0,1,1,0.729467241767108,2
tokyo_45205_relational_after,45205,relational_after,140,140,0,1,1,0.749830312969216,1
tokyo_45205_semantic,45205,semantic,140,140,0,1,1,0.749694944339448,1
tokyo_45205_temporal_spatial,45205,temporal_spatial,140,140,0,1,1,0.749917687624657,1
tokyo_50046_relational_after,50046,relational_after,55,55,0,1,1,0.725602034977604,2
tokyo_50046_semantic,50046,semantic,55,55,0,1,1,0.725524398489653,2
tokyo_50046_temporal_spatial,50046,temporal_spatial,55,55,0,1,1,0.725557737445942,2
tokyo_51031_relational_after,51031,relational_after,49,49,0,1,1,0.732916201609227,2
tokyo_51031_semantic,51031,semantic,49,49,0,1,1,0.733007073612432,2
tokyo_51031_temporal_spatial,51031,temporal_spatial,49,49,0,1,1,0.732847881017495,2
tokyo_51516_relational_after,51516,relational_after,33,33,0,1,1,0.734280928328242,1
tokyo_51516_semantic,51516,semantic,33,33,0,1,1,0.734197644880255,1
tokyo_51516_temporal_spatial,51516,temporal_spatial,33,33,0,1,1,0.733909523068931,1
tokyo_52894_relational_after,52894,relational_after,43,43,0,1,1,0.724575506033909,8
tokyo_52894_semantic,52894,semantic,43,43,0,1,1,0.724113435635643,8
tokyo_52894_temporal_spatial,52894,temporal_spatial,43,43,0,1,1,0.724191061653829,8
tokyo_53205_relational_after,53205,relational_after,40,40,0,1,1,0.734463702806768,1
tokyo_53205_semantic,53205,semantic,40,40,0,1,1,0.73437960001297,1
tokyo_53205_temporal_spatial,53205,temporal_spatial,40,40,0,1,1,0.734488345226814,1
tokyo_53405_relational_after,53405,relational_after,26,26,0,1,1,0.726361521432451,5
tokyo_53405_semantic,53405,semantic,26,26,0,1,1,0.726244065153812,5
tokyo_53405_temporal_spatial,53405,temporal_spatial,26,26,0,1,1,0.726007798490924,5
tokyo_55985_relational_after,55985,relational_after,30,30,0,1,1,0.731728329437657,1
tokyo_55985_semantic,55985,semantic,30,30,0,1,1,0.731668992959281,1
tokyo_55985_temporal_spatial,55985,temporal_spatial,30,30,0,1,1,0.731716593525048,1
tokyo_59554_relational_after,59554,relational_after,23,23,0,1,1,0.72946660856991,1
tokyo_59554_semantic,59554,semantic,23,23,0,1,1,0.72924566822444,1
tokyo_59554_temporal_spatial,59554,temporal_spatial,23,23,0,1,1,0.729943877258174,1
tokyo_60393_relational_after,60393,relational_after,170,170,0,1,1,0.753081738238297,1
tokyo_60393_semantic,60393,semantic,170,170,0,1,1,0.753455713473448,1
tokyo_60393_temporal_spatial,60393,temporal_spatial,170,170,0,1,1,0.753373967894475,1
tokyo_70564_relational_after,70564,relational_after,106,106,0,1,1,0.742771243765553,2
tokyo_70564_semantic,70564,semantic,106,106,0,1,1,0.74270598626391,2
tokyo_70564_temporal_spatial,70564,temporal_spatial,106,106,0,1,1,0.742751843280304,2
tokyo_70703_relational_after,70703,relational_after,47,47,0,1,1,0.731643624525571,4
tokyo_70703_semantic,70703,semantic,47,47,0,1,1,0.731681522191201,4
tokyo_70703_temporal_spatial,70703,temporal_spatial,47,47,0,1,1,0.731730773415034,4
tokyo_72210_relational_after,72210,relational_after,35,35,0,1,1,0.730978885534537,2
tokyo_72210_semantic,72210,semantic,35,35,0,1,1,0.730946449137588,2
tokyo_72210_temporal_spatial,72210,temporal_spatial,35,35,0,1,1,0.730751999882469,2
tokyo_72444_relational_after,72444,relational_after,29,29,0,1,1,0.734181270102856,1
tokyo_72444_semantic,72444,semantic,29,29,0,1,1,0.734199029245481,1
tokyo_72444_temporal_spatial,72444,temporal_spatial,29,29,0,1,1,0.733945611658165,1
tokyo_74188_relational_after,74188,relational_after,39,39,0,1,1,0.736619779422677,4
tokyo_74188_semantic,74188,semantic,39,39,0,1,1,0.736091536205598,4
tokyo_74188_temporal_spatial,74188,temporal_spatial,39,39,0,1,1,0.736053999467484,4
tokyo_74982_relational_after,74982,relational_after,24,24,0,1,1,0.722648803775384,4
tokyo_74982_semantic,74982,semantic,24,24,0,1,1,0.722708588821783,4
tokyo_74982_temporal_spatial,74982,temporal_spatial,24,24,0,1,1,0.72248556581679,4
tokyo_78286_relational_after,78286,relational_after,76,76,0,1,1,0.74579811226865,1
tokyo_78286_semantic,78286,semantic,76,76,0,1,1,0.745729505247362,1
tokyo_78286_temporal_spatial,78286,temporal_spatial,76,76,0,1,1,0.745634114734661,1
tokyo_79139_relational_after,79139,relational_after,32,32,0,1,1,0.742432543046206,1
tokyo_79139_semantic,79139,semantic,32,32,0,1,1,0.742441624854748,1
tokyo_79139_temporal_spatial,79139,temporal_spatial,32,32,0,1,1,0.742520557392428,1
tokyo_79719_relational_after,79719,relational_after,57,57,0,1,1,0.735833903829219,2
tokyo_79719_semantic,79719,semantic,57,57,0,1,1,0.735794953827175,2
tokyo_79719_temporal_spatial,79719,temporal_spatial,57,57,0,1,1,0.735968717388434,2
tokyo_80051_relational_after,80051,relational_after,34,34,0,1,1,0.722606687296891,2
tokyo_80051_semantic,80051,semantic,34,34,0,1,1,0.722699916378766,2
tokyo_80051_temporal_spatial,80051,temporal_spatial,34,34,0,1,1,0.722523791477651,2
tokyo_80415_relational_after,80415,relational_after,25,25,0,1,1,0.732667893097343,1
tokyo_80415_semantic,80415,semantic,25,25,0,1,1,0.73257835541756,1
tokyo_80415_temporal_spatial,80415,temporal_spatial,25,25,0,1,1,0.732511737015486,1
tokyo_80480_relational_after,80480,relational_after,38,38,0,1,1,0.737300592262272,1
tokyo_80480_semantic,80480,semantic,38,38,0,1,1,0.737255586225976,1
tokyo_80480_temporal_spatial,80480,temporal_spatial,38,38,0,1,1,0.737463524127079,1
tokyo_86988_relational_after,86988,relational_after,47,47,0,1,1,0.742012344292455,1
tokyo_86988_semantic,86988,semantic,47,47,0,1,1,0.742041840115022,1
tokyo_86988_temporal_spatial,86988,temporal_spatial,47,47,0,1,1,0.74205345308179,1
tokyo_87391_temporal_spatial,87391,temporal_spatial,20,20,0,1,1,0.733056593424017,1
tokyo_88625_relational_after,88625,relational_after,32,32,0,1,1,0.73354802103141,3
tokyo_88625_semantic,88625,semantic,32,32,0,1,1,0.732984669184494,3
tokyo_88625_temporal_spatial,88625,temporal_spatial,32,32,0,1,1,0.733164844212233,3
tokyo_88793_relational_after,88793,relational_after,50,50,0,1,1,0.729679291553539,4
tokyo_88793_semantic,88793,semantic,50,50,0,1,1,0.729650331667929,4
tokyo_88793_temporal_spatial,88793,temporal_spatial,50,50,0,1,1,0.729690350576038,4
