query_id,user_id,component_id,component_event_count,component_personalization_mass,component_ppr_mass
tokyo_100159_relational_after,100159,1,44,1,1
tokyo_100159_semantic,100159,1,44,1,1
tokyo_100159_temporal_spatial,100159,1,44,1,1
tokyo_100312_relational_after,100312,1,68,0.972865255568947,0.97286525553591
tokyo_100312_relational_after,100312,2,2,0.0271347444310527,0.0271347444640905
tokyo_100312_semantic,100312,1,68,0.973766734610387,0.97376673457567
tokyo_100312_semantic,100312,2,2,0.0262332653896134,0.0262332654243304
tokyo_100312_temporal_spatial,100312,1,68,0.974136981360511,0.974136981325105
tokyo_100312_temporal_spatial,100312,2,2,0.0258630186394885,0.0258630186748951
tokyo_100677_relational_after,100677,1,16,0.81016940950494,0.810169409489872
tokyo_100677_relational_after,100677,2,2,0.0959444962565687,0.0959444962638628
tokyo_100677_relational_after,100677,3,2,0.0938860942384915,0.0938860942462649
tokyo_100677_semantic,100677,1,16,0.804930900378736,0.804930900364888
tokyo_100677_semantic,100677,2,2,0.102034682472676,0.102034682478553
tokyo_100677_semantic,100677,3,2,0.093034417148588,0.0930344171565597
tokyo_100677_temporal_spatial,100677,1,16,0.807677982164239,0.807677982149752
tokyo_100677_temporal_spatial,100677,2,2,0.0990198020269311,0.0990198020335092
tokyo_100677_temporal_spatial,100677,3,2,0.0933022158088299,0.0933022158167393
tokyo_101467_relational_after,101467,1,36,0.8584651807243,0.858465180691279
tokyo_101467_relational_after,101467,2,2,0.0480628250581995,0.0480628250711301
tokyo_101467_relational_after,101467,3,2,0.0464643401777699,0.0464643401921892
tokyo_101467_relational_after,101467,4,2,0.0470076540397305,0.047007654045402
tokyo_101467_semantic,101467,1,36,0.86003495068279,0.860034950648307
tokyo_101467_semantic,101467,2,2,0.0474541024954047,0.0474541025089022
tokyo_101467_semantic,101467,3,2,0.0478221877639948,0.0478221877771494
tokyo_101467_semantic,101467,4,2,0.04468875905781,0.0446887590656411
tokyo_101467_temporal_spatial,101467,1,36,0.85936097143755,0.859360971403695
tokyo_101467_temporal_spatial,101467,2,2,0.0477693897647387,0.0477693897779425
tokyo_101467_temporal_spatial,101467,3,2,0.0475055011539491,0.0475055011673987
tokyo_101467_temporal_spatial,101467,4,2,0.0453641376437619,0.045364137650964
tokyo_103621_relational_after,103621,1,26,1,1
tokyo_103621_semantic,103621,1,26,1,1
tokyo_103621_temporal_spatial,103621,1,26,1,1
tokyo_106628_relational_after,106628,1,86,0.977852959788328,0.977852959769771
tokyo_106628_relational_after,106628,2,2,0.0221470402116716,0.0221470402302292
tokyo_106628_semantic,106628,1,86,0.977372470574087,0.977372470556424
tokyo_106628_semantic,106628,2,2,0.0226275294259133,0.0226275294435759
tokyo_106628_temporal_spatial,106628,1,86,0.977004590288038,0.977004590271061
tokyo_106628_temporal_spatial,106628,2,2,0.0229954097119618,0.0229954097289392
tokyo_109617_relational_after,109617,1,67,0.97149024908958,0.971490249063663
tokyo_109617_relational_after,109617,2,2,0.0285097509104195,0.0285097509363373
tokyo_109617_semantic,109617,1,67,0.970653248736427,0.970653248712068
tokyo_109617_semantic,109617,2,2,0.029346751263573,0.0293467512879317
tokyo_109617_temporal_spatial,109617,1,67,0.971518785402369,0.971518785376398
tokyo_109617_temporal_spatial,109617,2,2,0.028481214597631,0.0284812146236019
tokyo_109621_relational_after,109621,1,90,0.979250083846844,0.97925008382428
tokyo_109621_relational_after,109621,2,2,0.0207499161531561,0.02074991617572
tokyo_109621_semantic,109621,1,90,0.978331023636701,0.978331023615848
tokyo_109621_semantic,109621,2,2,0.0216689763632994,0.0216689763841515
tokyo_109621_temporal_spatial,109621,1,90,0.977579566179872,0.97757956616042
tokyo_109621_temporal_spatial,109621,2,2,0.0224204338201279,0.0224204338395803
tokyo_113499_relational_after,113499,1,37,1,1
tokyo_113499_semantic,113499,1,37,1,1
tokyo_113499_temporal_spatial,113499,1,37,1,1
tokyo_113897_relational_after,113897,1,39,1,1
tokyo_113897_semantic,113897,1,39,1,1
tokyo_113897_temporal_spatial,113897,1,39,1,1
tokyo_115855_relational_after,115855,1,2,0.0871805617782013,0.0871805617864962
tokyo_115855_relational_after,115855,2,18,0.824035747000801,0.824035746988669
tokyo_115855_relational_after,115855,3,2,0.088783691220998,0.0887836912248349
tokyo_115855_semantic,115855,1,2,0.0922872089811712,0.0922872089882771
tokyo_115855_semantic,115855,2,18,0.817151828554951,0.817151828544422
tokyo_115855_semantic,115855,3,2,0.0905609624638777,0.0905609624673008
tokyo_115855_temporal_spatial,115855,1,2,0.0919123464241683,0.0919123464313615
tokyo_115855_temporal_spatial,115855,2,18,0.819887360802228,0.819887360791063
tokyo_115855_temporal_spatial,115855,3,2,0.0882002927736032,0.0882002927775759
tokyo_1172_relational_after,1172,1,68,0.924810666829852,0.924810666811639
tokyo_1172_relational_after,1172,2,5,0.0751893331701479,0.0751893331883608
tokyo_1172_semantic,1172,1,68,0.932628426030608,0.932628425997833
tokyo_1172_semantic,1172,2,5,0.067371573969392,0.0673715740021666
tokyo_1172_temporal_spatial,1172,1,68,0.9314028490741,0.931402849043608
tokyo_1172_temporal_spatial,1172,2,5,0.0685971509258998,0.0685971509563916
tokyo_119597_relational_after,119597,1,37,1,1
tokyo_119597_semantic,119597,1,37,1,1
tokyo_119597_temporal_spatial,119597,1,37,1,1
tokyo_121554_relational_after,121554,1,29,0.936475822916947,0.936475822901255
tokyo_121554_relational_after,121554,2,2,0.063524177083053,0.0635241770987449
tokyo_121554_semantic,121554,1,29,0.932934034747288,0.932934034733245
tokyo_121554_semantic,121554,2,2,0.0670659652527123,0.0670659652667549
tokyo_121554_temporal_spatial,121554,1,29,0.937022679200537,0.93702267918459
tokyo_121554_temporal_spatial,121554,2,2,0.0629773207994631,0.0629773208154096
tokyo_126183_relational_after,126183,1,2,0.0277441676245697,0.0277441676436913
tokyo_126183_relational_after,126183,2,65,0.916889132797629,0.916889132752997
tokyo_126183_relational_after,126183,3,4,0.055366699577801,0.0553666996033117
tokyo_126183_semantic,126183,1,2,0.0288525864392643,0.0288525864573536
tokyo_126183_semantic,126183,2,65,0.914660823181026,0.914660823138469
tokyo_126183_semantic,126183,3,4,0.0564865903797092,0.056486590404177
tokyo_126183_temporal_spatial,126183,1,2,0.0275989184831501,0.027598918502407
tokyo_126183_temporal_spatial,126183,2,65,0.916321291318084,0.916321291273981
tokyo_126183_temporal_spatial,126183,3,4,0.0560797901987655,0.0560797902236121
tokyo_127201_relational_after,127201,1,38,1,1
tokyo_127201_semantic,127201,1,38,1,1
tokyo_127201_temporal_spatial,127201,1,38,1,1
tokyo_129047_relational_after,129047,1,21,1,1
tokyo_129047_semantic,129047,1,21,1,1
tokyo_129047_temporal_spatial,129047,1,21,1,1
tokyo_130084_relational_after,130084,1,74,0.938713811968005,0.938713811929127
tokyo_130084_relational_after,130084,2,3,0.0364472857389758,0.0364472857614755
tokyo_130084_relational_after,130084,3,2,0.0248389022930195,0.0248389023093972
tokyo_130084_semantic,130084,1,74,0.935636208646544,0.935636208574522
tokyo_130084_semantic,130084,2,3,0.0380033514674803,0.0380033515095812
tokyo_130084_semantic,130084,3,2,0.026360439885976,0.0263604399158972
tokyo_130084_temporal_spatial,130084,1,74,0.935928077341591,0.935928077269025
tokyo_130084_temporal_spatial,130084,2,3,0.0381283975049121,0.03812839754678
tokyo_130084_temporal_spatial,130084,3,2,0.0259435251534968,0.0259435251841945
tokyo_130568_relational_after,130568,1,34,1,1
tokyo_130568_semantic,130568,1,34,1,1
tokyo_130568_temporal_spatial,130568,1,34,1,1
tokyo_130777_relational_after,130777,1,27,0.794850247636508,0.794850247616993
tokyo_130777_relational_after,130777,2,3,0.087548959544907,0.0875489595589225
tokyo_130777_relational_after,130777,3,4,0.117600792818585,0.117600792824085
tokyo_130777_semantic,130777,1,27,0.794185356496293,0.794185356477087
tokyo_130777_semantic,130777,2,3,0.0886170823389582,0.0886170823524763
tokyo_130777_semantic,130777,3,4,0.117197561164749,0.117197561170437
tokyo_130777_temporal_spatial,130777,1,27,0.793009808373464,0.793009808354806
tokyo_130777_temporal_spatial,130777,2,3,0.0895656901304378,0.0895656901435142
tokyo_130777_temporal_spatial,130777,3,4,0.117424501496098,0.11742450150168
tokyo_130872_relational_after,130872,1,34,1,1
tokyo_130872_semantic,130872,1,34,1,1
tokyo_130872_temporal_spatial,130872,1,34,1,1
tokyo_131525_relational_after,131525,1,36,1,1
tokyo_131525_semantic,131525,1,36,1,1
tokyo_131525_temporal_spatial,131525,1,36,1,1
tokyo_132723_relational_after,132723,1,48,1,1
tokyo_132723_semantic,132723,1,48,1,1
tokyo_132723_temporal_spatial,132723,1,48,1,1
tokyo_134307_relational_after,134307,1,11,0.403216050163079,0.403216050142345
tokyo_134307_relational_after,134307,2,5,0.176908024570258,0.176908024582895
tokyo_134307_relational_after,134307,3,10,0.349913099050058,0.349913099045704
tokyo_134307_relational_after,134307,4,2,0.0699628262166049,0.0699628262290571
tokyo_134307_semantic,134307,1,11,0.388008900379508,0.388008900372937
tokyo_134307_semantic,134307,2,5,0.178702121422689,0.178702121433655
tokyo_134307_semantic,134307,3,10,0.361003256413003,0.361003256398321
tokyo_134307_semantic,134307,4,2,0.0722857217847993,0.0722857217950882
tokyo_134307_temporal_spatial,134307,1,11,0.389089906936274,0.389089906928695
tokyo_134307_temporal_spatial,134307,2,5,0.177415690831199,0.177415690843363
tokyo_134307_temporal_spatial,134307,3,10,0.361296921976436,0.36129692196148
tokyo_134307_temporal_spatial,134307,4,2,0.0721974802560904,0.0721974802664614
tokyo_135393_relational_after,135393,1,46,1,1
tokyo_135393_semantic,135393,1,46,1,1
tokyo_135393_temporal_spatial,135393,1,46,1,1
tokyo_138301_relational_after,138301,1,37,0.949526291435979,0.949526291408052
tokyo_138301_relational_after,138301,2,2,0.0504737085640211,0.0504737085919478
tokyo_138301_semantic,138301,1,37,0.946256183119014,0.946256183094133
tokyo_138301_semantic,138301,2,2,0.0537438168809863,0.0537438169058675
tokyo_138301_temporal_spatial,138301,1,37,0.949193646315147,0.949193646287531
tokyo_138301_temporal_spatial,138301,2,2,0.0508063536848526,0.0508063537124695
tokyo_139656_relational_after,139656,1,55,1,1
tokyo_139656_semantic,139656,1,55,1,1
tokyo_139656_temporal_spatial,139656,1,55,1,1
tokyo_140734_relational_after,140734,1,20,0.836661017807388,0.836661017787578
tokyo_140734_relational_after,140734,2,2,0.0815384007738548,0.0815384007838213
tokyo_140734_relational_after,140734,3,2,0.0818005814187568,0.0818005814286011
tokyo_140734_semantic,140734,1,20,0.826606219449268,0.82660621943414
tokyo_140734_semantic,140734,2,2,0.0869037295410032,0.0869037295484712
tokyo_140734_semantic,140734,3,2,0.0864900510097283,0.086490051017389
tokyo_140734_temporal_spatial,140734,1,20,0.841496990380331,0.841496990358268
tokyo_140734_temporal_spatial,140734,2,2,0.078447494658494,0.0784474946698998
tokyo_140734_temporal_spatial,140734,3,2,0.0800555149611748,0.0800555149718317
tokyo_140775_relational_after,140775,1,19,0.83174724989298,0.831747249872283
tokyo_140775_relational_after,140775,2,4,0.16825275010702,0.168252750127717
tokyo_140775_semantic,140775,1,19,0.830088695825447,0.83008869581587
tokyo_140775_semantic,140775,2,4,0.169911304174554,0.16991130418413
tokyo_140775_temporal_spatial,140775,1,19,0.822942458374373,0.822942458361876
tokyo_140775_temporal_spatial,140775,2,4,0.177057541625627,0.177057541638124
tokyo_149225_relational_after,149225,1,33,1,1
tokyo_149225_semantic,149225,1,33,1,1
tokyo_149225_temporal_spatial,149225,1,33,1,1
tokyo_152722_relational_after,152722,1,33,1,1
tokyo_152722_semantic,152722,1,33,1,1
tokyo_152722_temporal_spatial,152722,1,33,1,1
tokyo_156873_relational_after,156873,1,112,0.965393846138102,0.965393846107229
tokyo_156873_relational_after,156873,2,2,0.0170322833029286,0.0170322833225362
tokyo_156873_relational_after,156873,3,2,0.0175738705589692,0.0175738705702348
tokyo_156873_semantic,156873,1,112,0.966871471347688,0.966871471314062
tokyo_156873_semantic,156873,2,2,0.0172795325540435,0.0172795325731906
tokyo_156873_semantic,156873,3,2,0.0158489960982687,0.0158489961127471
tokyo_156873_temporal_spatial,156873,1,112,0.966411387190362,0.966411387157594
tokyo_156873_temporal_spatial,156873,2,2,0.0174769732504129,0.0174769732691923
tokyo_156873_temporal_spatial,156873,3,2,0.0161116395592247,0.0161116395732139
tokyo_167728_relational_after,167728,1,2,0.0344665757257904,0.0344665757365808
tokyo_167728_relational_after,167728,2,6,0.10065585625621,0.100655856272755
tokyo_167728_relational_after,167728,3,47,0.796598914657953,0.796598914614555
tokyo_167728_relational_after,167728,4,2,0.0346713525882338,0.0346713525927063
tokyo_167728_relational_after,167728,5,2,0.0336073007718127,0.0336073007834033
tokyo_167728_semantic,167728,1,2,0.0343063193673243,0.0343063193782639
tokyo_167728_semantic,167728,2,6,0.105177865371946,0.10517786538428
tokyo_167728_semantic,167728,3,47,0.792356026110489,0.792356026071042
tokyo_167728_semantic,167728,4,2,0.0341432345557311,0.0341432345606955
tokyo_167728_semantic,167728,5,2,0.03401655459451,0.0340165546057194
tokyo_167728_temporal_spatial,167728,1,2,0.0346532573733887,0.0346532573840052
tokyo_167728_temporal_spatial,167728,2,6,0.104658507670737,0.104658507683554
tokyo_167728_temporal_spatial,167728,3,47,0.793302805480864,0.793302805440535
tokyo_167728_temporal_spatial,167728,4,2,0.0335169566051146,0.0335169566106623
tokyo_167728_temporal_spatial,167728,5,2,0.0338684728698961,0.0338684728812435
tokyo_169053_relational_after,169053,1,25,1,1
tokyo_169053_semantic,169053,1,25,1,1
tokyo_169053_temporal_spatial,169053,1,25,1,1
tokyo_171659_relational_after,171659,1,24,0.923351194169238,0.923351194153999
tokyo_171659_relational_after,171659,2,2,0.0766488058307618,0.0766488058460012
tokyo_171659_semantic,171659,1,24,0.92247987737327,0.922479877358437
tokyo_171659_semantic,171659,2,2,0.0775201226267298,0.0775201226415634
tokyo_171659_temporal_spatial,171659,1,24,0.923050311872465,0.923050311857366
tokyo_171659_temporal_spatial,171659,2,2,0.0769496881275349,0.0769496881426341
tokyo_178798_relational_after,178798,1,2,0.07517146809339,0.0751714681018473
tokyo_178798_relational_after,178798,2,15,0.583572052446663,0.583572052429478
tokyo_178798_relational_after,178798,3,5,0.190407845472164,0.190407845464213
tokyo_178798_relational_after,178798,4,2,0.0756284199675085,0.075628419975753
tokyo_178798_relational_after,178798,5,2,0.0752202140202748,0.0752202140287093
tokyo_178798_semantic,178798,1,2,0.0756756031654043,0.0756756031736268
tokyo_178798_semantic,178798,2,15,0.582250246486804,0.582250246470234
tokyo_178798_semantic,178798,3,5,0.190784616106068,0.190784616097942
tokyo_178798_semantic,178798,4,2,0.0771977988693654,0.0771977988768791
tokyo_178798_semantic,178798,5,2,0.074091735372358,0.0740917353813181
tokyo_178798_temporal_spatial,178798,1,2,0.0759064596342628,0.0759064596423778
tokyo_178798_temporal_spatial,178798,2,15,0.583542241931156,0.583542241913985
tokyo_178798_temporal_spatial,178798,3,5,0.19026331254345,0.190263312535567
tokyo_178798_temporal_spatial,178798,4,2,0.0770566176455054,0.0770566176530848
tokyo_178798_temporal_spatial,178798,5,2,0.0732313682456251,0.0732313682549858
tokyo_19379_relational_after,19379,1,78,0.975466369692851,0.975466369663181
tokyo_19379_relational_after,19379,2,2,0.0245336303071491,0.0245336303368188
tokyo_19379_semantic,19379,1,78,0.974064112793741,0.974064112766683
tokyo_19379_semantic,19379,2,2,0.0259358872062593,0.0259358872333171
tokyo_19379_temporal_spatial,19379,1,78,0.975082925095591,0.975082925066636
tokyo_19379_temporal_spatial,19379,2,2,0.0249170749044089,0.0249170749333644
tokyo_210254_relational_after,210254,1,2,0.067940071241498,0.0679400712486661
tokyo_210254_relational_after,210254,2,4,0.135649374004159,0.135649374001972
tokyo_210254_relational_after,210254,3,18,0.626236061758218,0.62623606173824
tokyo_210254_relational_after,210254,4,3,0.102322395340431,0.102322395348219
tokyo_210254_relational_after,210254,5,2,0.0678520976556938,0.0678520976629028
tokyo_210254_semantic,210254,1,2,0.0696433131050722,0.069643313117822
tokyo_210254_semantic,210254,2,4,0.137163575699765,0.13716357569398
tokyo_210254_semantic,210254,3,18,0.620082829741279,0.620082829707053
tokyo_210254_semantic,210254,4,3,0.104169817180594,0.10416981719445
tokyo_210254_semantic,210254,5,2,0.0689404642732906,0.068940464286695
tokyo_210254_temporal_spatial,210254,1,2,0.070285196348894,0.07028519635497
tokyo_210254_temporal_spatial,210254,2,4,0.14057084466034,0.140570844655861
tokyo_210254_temporal_spatial,210254,3,18,0.619425062124399,0.619425062107592
tokyo_210254_temporal_spatial,210254,4,3,0.100815206116941,0.100815206125431
tokyo_210254_temporal_spatial,210254,5,2,0.0689036907494264,0.0689036907561457
tokyo_223807_relational_after,223807,1,21,0.811349944067155,0.811349944052282
tokyo_223807_relational_after,223807,2,5,0.188650055932845,0.188650055947718
tokyo_223807_semantic,223807,1,21,0.808646459270543,0.808646459243316
tokyo_223807_semantic,223807,2,5,0.191353540729457,0.191353540756684
tokyo_223807_temporal_spatial,223807,1,21,0.807424616235224,0.807424616209135
tokyo_223807_temporal_spatial,223807,2,5,0.192575383764776,0.192575383790865
tokyo_2309_relational_after,2309,1,34,1,1
tokyo_2309_semantic,2309,1,34,1,1
tokyo_2309_temporal_spatial,2309,1,34,1,1
tokyo_23925_relational_after,23925,1,43,1,1
tokyo_23925_semantic,23925,1,43,1,1
tokyo_23925_temporal_spatial,23925,1,43,1,1
tokyo_24620_relational_after,24620,1,70,1,1
tokyo_24620_temporal_spatial,24620,1,70,1,1
tokyo_24664_relational_after,24664,1,2,0.0281536524405265,0.02815365245671
tokyo_24664_relational_after,24664,2,58,0.842317801008936,0.842317800939916
tokyo_24664_relational_after,24664,3,2,0.0292382273987455,0.0292382274129088
tokyo_24664_relational_after,24664,4,4,0.0571602467185363,0.0571602467395111
tokyo_24664_relational_after,24664,5,3,0.043130072433256,0.0431300724509539
tokyo_24664_semantic,24664,1,2,0.0292510998955255,0.0292510999096648
tokyo_24664_semantic,24664,2,58,0.840589718282826,0.840589718217025
tokyo_24664_semantic,24664,3,2,0.0296064988806619,0.0296064988941393
tokyo_24664_semantic,24664,4,4,0.0583414440674532,0.0583414440862279
tokyo_24664_semantic,24664,5,3,0.0422112388735336,0.042211238892943
tokyo_24664_temporal_spatial,24664,1,2,0.0286335402059814,0.028633540221271
tokyo_24664_temporal_spatial,24664,2,58,0.841035616578747,0.841035616512115
tokyo_24664_temporal_spatial,24664,3,2,0.0295941451491597,0.02959414516266
tokyo_24664_temporal_spatial,24664,4,4,0.0581797895536177,0.0581797895726935
tokyo_24664_temporal_spatial,24664,5,3,0.0425569085124944,0.0425569085312599
tokyo_24765_relational_after,24765,1,37,0.733692384341784,0.73369238429603
tokyo_24765_relational_after,24765,2,2,0.0387666653845316,0.0387666653921807
tokyo_24765_relational_after,24765,3,6,0.113105409960396,0.113105409973817
tokyo_24765_relational_after,24765,4,2,0.038586534028354,0.0385865340361709
tokyo_24765_relational_after,24765,5,2,0.0377039751879837,0.0377039751966226
tokyo_24765_relational_after,24765,6,2,0.0381450310969505,0.0381450311051786
tokyo_24765_semantic,24765,1,37,0.720814188588272,0.720814188554511
tokyo_24765_semantic,24765,2,2,0.0386357415076747,0.0386357415154458
tokyo_24765_semantic,24765,3,6,0.119952719477568,0.119952719484612
tokyo_24765_semantic,24765,4,2,0.0418753597764022,0.0418753597811561
tokyo_24765_semantic,24765,5,2,0.0410607149857126,0.0410607149912253
tokyo_24765_semantic,24765,6,2,0.0376612756643712,0.0376612756730498
tokyo_24765_temporal_spatial,24765,1,37,0.72565473661632,0.725654736578051
tokyo_24765_temporal_spatial,24765,2,2,0.0388728382339843,0.0388728382415346
tokyo_24765_temporal_spatial,24765,3,6,0.118142958174185,0.118142958182915
tokyo_24765_temporal_spatial,24765,4,2,0.0389606722958507,0.0389606723033192
tokyo_24765_temporal_spatial,24765,5,2,0.0401971605183285,0.0401971605246454
tokyo_24765_temporal_spatial,24765,6,2,0.0381716341613311,0.0381716341695344
tokyo_254908_relational_after,254908,1,21,0.643252390124786,0.64325239009546
tokyo_254908_relational_after,254908,2,7,0.207419471177803,0.207419471203763
tokyo_254908_relational_after,254908,3,5,0.149328138697411,0.149328138700776
tokyo_254908_semantic,254908,1,21,0.635089416017283,0.63508941599556
tokyo_254908_semantic,254908,2,7,0.213841928678556,0.213841928698534
tokyo_254908_semantic,254908,3,5,0.151068655304161,0.151068655305905
tokyo_254908_temporal_spatial,254908,1,21,0.642603142052067,0.642603142023346
tokyo_254908_temporal_spatial,254908,2,7,0.206896771327088,0.206896771353535
tokyo_254908_temporal_spatial,254908,3,5,0.150500086620845,0.150500086623118
tokyo_259163_relational_after,259163,1,25,0.895495024256575,0.895495024235737
tokyo_259163_relational_after,259163,2,3,0.104504975743425,0.104504975764263
tokyo_259163_semantic,259163,1,25,0.898966758342007,0.898966758319552
tokyo_259163_semantic,259163,2,3,0.101033241657993,0.101033241680448
tokyo_259163_temporal_spatial,259163,1,25,0.887621703039857,0.887621703022686
tokyo_259163_temporal_spatial,259163,2,3,0.112378296960143,0.112378296977314
tokyo_263152_relational_after,263152,1,25,0.921021762192145,0.921021762173879
tokyo_263152_relational_after,263152,2,2,0.0789782378078549,0.0789782378261212
tokyo_263152_semantic,263152,1,25,0.925115529129436,0.925115529118396
tokyo_263152_semantic,263152,2,2,0.0748844708705644,0.0748844708816038
tokyo_263152_temporal_spatial,263152,1,25,0.923954201477838,0.92395420146734
tokyo_263152_temporal_spatial,263152,2,2,0.0760457985221617,0.0760457985326604
tokyo_264627_relational_after,264627,1,57,0.966352441146707,0.966352441140791
tokyo_264627_relational_after,264627,2,2,0.033647558853293,0.0336475588592092
tokyo_264627_semantic,264627,1,57,0.965812376344666,0.965812376339252
tokyo_264627_semantic,264627,2,2,0.0341876236553345,0.0341876236607477
tokyo_264627_temporal_spatial,264627,1,57,0.965472529330847,0.96547252932575
tokyo_264627_temporal_spatial,264627,2,2,0.0345274706691533,0.0345274706742499
tokyo_267704_relational_after,267704,1,48,1,1
tokyo_267704_semantic,267704,1,48,1,1
tokyo_267704_temporal_spatial,267704,1,48,1,1
tokyo_26786_relational_after,26786,1,256,1,1
tokyo_26786_semantic,26786,1,256,1,1
tokyo_26786_temporal_spatial,26786,1,256,1,1
tokyo_277915_relational_after,277915,1,40,1,1
tokyo_277915_semantic,277915,1,40,1,1
tokyo_277915_temporal_spatial,277915,1,40,1,1
tokyo_280210_relational_after,280210,1,63,1,1
tokyo_280210_semantic,280210,1,63,1,1
tokyo_280210_temporal_spatial,280210,1,63,1,1
tokyo_281448_relational_after,281448,1,35,1,1
tokyo_281448_semantic,281448,1,35,1,1
tokyo_281448_temporal_spatial,281448,1,35,1,1
tokyo_283450_relational_after,283450,1,72,0.973105318872879,0.973105318859578
tokyo_283450_relational_after,283450,2,2,0.0268946811271215,0.0268946811404224
tokyo_283450_semantic,283450,1,72,0.971812994838189,0.971812994813994
tokyo_283450_semantic,283450,2,2,0.0281870051618111,0.0281870051860059
tokyo_283450_temporal_spatial,283450,1,72,0.971216074181018,0.971216074157935
tokyo_283450_temporal_spatial,283450,2,2,0.0287839258189819,0.0287839258420648
tokyo_286142_relational_after,286142,1,19,0.90766606987506,0.907666069857692
tokyo_286142_relational_after,286142,2,2,0.0923339301249403,0.0923339301423074
tokyo_286142_semantic,286142,1,19,0.903220208957437,0.90322020894214
tokyo_286142_semantic,286142,2,2,0.0967797910425631,0.09677979105786
tokyo_286142_temporal_spatial,286142,1,19,0.906373369590549,0.906373369573783
tokyo_286142_temporal_spatial,286142,2,2,0.0936266304094513,0.0936266304262165
tokyo_286382_relational_after,286382,1,21,0.913909222698074,0.913909222686423
tokyo_286382_relational_after,286382,2,2,0.0860907773019261,0.0860907773135771
tokyo_286382_semantic,286382,1,21,0.911598335730359,0.911598335719784
tokyo_286382_semantic,286382,2,2,0.0884016642696407,0.0884016642802156
tokyo_286382_temporal_spatial,286382,1,21,0.916290739972743,0.916290739959983
tokyo_286382_temporal_spatial,286382,2,2,0.0837092600272574,0.0837092600400174
tokyo_28664_relational_after,28664,1,2,0.0355042692119366,0.0355042692202863
tokyo_28664_relational_after,28664,2,50,0.895085742553721,0.895085742531482
tokyo_28664_relational_after,28664,3,4,0.0694099882343429,0.069409988248232
tokyo_28664_semantic,28664,1,2,0.0360575309804156,0.0360575309965997
tokyo_28664_semantic,28664,2,50,0.890976268950666,0.890976268910016
tokyo_28664_semantic,28664,3,4,0.0729662000689184,0.0729662000933847
tokyo_28664_temporal_spatial,28664,1,2,0.0362336571922889,0.036233657208309
tokyo_28664_temporal_spatial,28664,2,50,0.891052044862416,0.891052044821695
tokyo_28664_temporal_spatial,28664,3,4,0.0727142979452954,0.0727142979699962
tokyo_28697_relational_after,28697,1,37,1,1
tokyo_28697_semantic,28697,1,37,1,1
tokyo_28697_temporal_spatial,28697,1,37,1,1
tokyo_290806_relational_after,290806,1,2,0.0569939219047682,0.0569939219098961
tokyo_290806_relational_after,290806,2,2,0.0565908037692401,0.0565908037844447
tokyo_290806_relational_after,290806,3,32,0.886415274325992,0.886415274305659
tokyo_290806_semantic,290806,1,2,0.0564312522603685,0.0564312522660205
tokyo_290806_semantic,290806,2,2,0.0562677412108455,0.056267741226351
tokyo_290806_semantic,290806,3,32,0.887301006528786,0.887301006507628
tokyo_290806_temporal_spatial,290806,1,2,0.055097240160785,0.0550972401676794
tokyo_290806_temporal_spatial,290806,2,2,0.055351014125432,0.0553510141417913
tokyo_290806_temporal_spatial,290806,3,32,0.889551745713783,0.889551745690529
tokyo_29501_relational_after,29501,1,34,0.945108142928702,0.945108142908183
tokyo_29501_relational_after,29501,2,2,0.0548918570712984,0.0548918570918166
tokyo_29501_semantic,29501,1,34,0.946688289237513,0.946688289215523
tokyo_29501_semantic,29501,2,2,0.0533117107624872,0.053311710784477
tokyo_29501_temporal_spatial,29501,1,34,0.946830146256522,0.9468301462344
tokyo_29501_temporal_spatial,29501,2,2,0.0531698537434777,0.0531698537655996
tokyo_29757_relational_after,29757,1,41,1,1
tokyo_29757_semantic,29757,1,41,1,1
tokyo_29757_temporal_spatial,29757,1,41,1,1
tokyo_29764_relational_after,29764,1,28,1,1
tokyo_29764_semantic,29764,1,28,1,1
tokyo_29764_temporal_spatial,29764,1,28,1,1
tokyo_31204_relational_after,31204,1,24,0.889503129347409,0.889503129328308
tokyo_31204_relational_after,31204,2,3,0.110496870652591,0.110496870671692
tokyo_31204_semantic,31204,1,24,0.887074904274348,0.887074904256378
tokyo_31204_semantic,31204,2,3,0.112925095725652,0.112925095743622
tokyo_31204_temporal_spatial,31204,1,24,0.888874796565565,0.888874796546757
tokyo_31204_temporal_spatial,31204,2,3,0.111125203434435,0.111125203453243
tokyo_32545_relational_after,32545,1,106,1,1
tokyo_32545_semantic,32545,1,106,1,1
tokyo_32545_temporal_spatial,32545,1,106,1,1
tokyo_325605_relational_after,325605,1,80,0.975716170931036,0.975716170901762
tokyo_325605_relational_after,325605,2,2,0.0242838290689641,0.0242838290982377
tokyo_325605_semantic,325605,1,80,0.975546398503795,0.975546398474837
tokyo_325605_semantic,325605,2,2,0.0244536014962049,0.0244536015251624
tokyo_325605_temporal_spatial,325605,1,80,0.97541175960279,0.975411759574084
tokyo_325605_temporal_spatial,325605,2,2,0.0245882403972096,0.0245882404259162
tokyo_328941_relational_after,328941,1,23,1,1
tokyo_328941_semantic,328941,1,23,1,1
tokyo_328941_temporal_spatial,328941,1,23,1,1
tokyo_339444_relational_after,339444,1,31,1,1
tokyo_339444_semantic,339444,1,31,1,1
tokyo_339444_temporal_spatial,339444,1,31,1,1
tokyo_342180_relational_after,342180,1,47,0.960804906190997,0.960804906168769
tokyo_342180_relational_after,342180,2,2,0.0391950938090025,0.0391950938312313
tokyo_342180_semantic,342180,1,47,0.959964754276035,0.959964754254589
tokyo_342180_semantic,342180,2,2,0.0400352457239647,0.040035245745411
tokyo_342180_temporal_spatial,342180,1,47,0.958340671966194,0.958340671926327
tokyo_342180_temporal_spatial,342180,2,2,0.0416593280338059,0.0416593280736734
tokyo_34258_relational_after,34258,1,42,1,1
tokyo_34258_semantic,34258,1,42,1,1
tokyo_34258_temporal_spatial,34258,1,42,1,1
tokyo_347501_relational_after,347501,1,20,1,1
tokyo_347501_temporal_spatial,347501,1,20,1,1
tokyo_348059_relational_after,348059,1,63,1,1
tokyo_348059_semantic,348059,1,63,1,1
tokyo_348059_temporal_spatial,348059,1,63,1,1
tokyo_348682_relational_after,348682,1,16,0.740146772859997,0.740146772839639
tokyo_348682_relational_after,348682,2,6,0.259853227140003,0.259853227160361
tokyo_348682_semantic,348682,1,16,0.726535737004564,0.726535736990544
tokyo_348682_semantic,348682,2,6,0.273464262995436,0.273464263009456
tokyo_348682_temporal_spatial,348682,1,16,0.718209491759225,0.71820949173894
tokyo_348682_temporal_spatial,348682,2,6,0.281790508240775,0.28179050826106
tokyo_350248_relational_after,350248,1,48,0.89012607984945,0.89012607980758
tokyo_350248_relational_after,350248,2,6,0.10987392015055,0.10987392019242
tokyo_350248_semantic,350248,1,48,0.888923894348413,0.888923894308782
tokyo_350248_semantic,350248,2,6,0.111076105651587,0.111076105691218
tokyo_350248_temporal_spatial,350248,1,48,0.888040424233269,0.888040424195283
tokyo_350248_temporal_spatial,350248,2,6,0.111959575766731,0.111959575804717
tokyo_356419_relational_after,356419,1,33,1,1
tokyo_356419_semantic,356419,1,33,1,1
tokyo_356419_temporal_spatial,356419,1,33,1,1
tokyo_35718_relational_after,35718,1,19,0.744082597921318,0.744082597929617
tokyo_35718_relational_after,35718,2,7,0.255917402078682,0.255917402070383
tokyo_35718_semantic,35718,1,19,0.728306087777979,0.728306087793625
tokyo_35718_semantic,35718,2,7,0.271693912222021,0.271693912206375
tokyo_35718_temporal_spatial,35718,1,19,0.733515162646038,0.733515162659258
tokyo_35718_temporal_spatial,35718,2,7,0.266484837353962,0.266484837340742
tokyo_362630_relational_after,362630,1,4,0.163177971365831,0.163177971371096
tokyo_362630_relational_after,362630,2,11,0.466840558399569,0.466840558363928
tokyo_362630_relational_after,362630,3,3,0.122255311011554,0.122255311018646
tokyo_362630_relational_after,362630,4,2,0.0829462995881559,0.0829462995955719
tokyo_362630_relational_after,362630,5,2,0.0834070411745325,0.0834070411815193
tokyo_362630_relational_after,362630,6,2,0.0813728184603577,0.081372818469239
tokyo_362630_semantic,362630,1,4,0.163019963167858,0.16301996317327
tokyo_362630_semantic,362630,2,11,0.458534578399982,0.458534578372076
tokyo_362630_semantic,362630,3,3,0.126953893342103,0.126953893344819
tokyo_362630_semantic,362630,4,2,0.0840601443635288,0.0840601443699074
tokyo_362630_semantic,362630,5,2,0.0862476535409188,0.0862476535452602
tokyo_362630_semantic,362630,6,2,0.0811837671856097,0.0811837671946671
tokyo_362630_temporal_spatial,362630,1,4,0.162810451657416,0.162810451663024
tokyo_362630_temporal_spatial,362630,2,11,0.461427593512949,0.461427593482349
tokyo_362630_temporal_spatial,362630,3,3,0.125354624984821,0.125354624989026
tokyo_362630_temporal_spatial,362630,4,2,0.0834305462982025,0.0834305463051675
tokyo_362630_temporal_spatial,362630,5,2,0.0845526189762743,0.0845526189821942
tokyo_362630_temporal_spatial,362630,6,2,0.0824241645703368,0.082424164578239
tokyo_36487_relational_after,36487,1,54,1,1
tokyo_36487_semantic,36487,1,54,1,1
tokyo_36487_temporal_spatial,36487,1,54,1,1
tokyo_365381_relational_after,365381,1,14,0.588250323238362,0.588250323222341
tokyo_365381_relational_after,365381,2,8,0.328046635024344,0.328046635029194
tokyo_365381_relational_after,365381,3,2,0.0837030417372942,0.0837030417484651
tokyo_365381_semantic,365381,1,14,0.583000655670789,0.583000655643637
tokyo_365381_semantic,365381,2,8,0.332162797847998,0.332162797853864
tokyo_365381_semantic,365381,3,2,0.0848365464812129,0.084836546502499
tokyo_365381_temporal_spatial,365381,1,14,0.588056625665527,0.588056625649596
tokyo_365381_temporal_spatial,365381,2,8,0.329259139931454,0.32925913993574
tokyo_365381_temporal_spatial,365381,3,2,0.0826842344030189,0.0826842344146642
tokyo_41088_relational_after,41088,1,77,1,1
tokyo_41088_semantic,41088,1,77,1,1
tokyo_41088_temporal_spatial,41088,1,77,1,1
tokyo_42282_relational_after,42282,1,16,0.67481614504851,0.674816145031653
tokyo_42282_relational_after,42282,2,2,0.0793355727770766,0.079335572800492
tokyo_42282_relational_after,42282,3,2,0.0823855762843893,0.0823855762771634
tokyo_42282_relational_after,42282,4,4,0.163462705890025,0.163462705890692
tokyo_42282_semantic,42282,1,16,0.666723315532202,0.666723315522883
tokyo_42282_semantic,42282,2,2,0.0848314723455853,0.0848314723638822
tokyo_42282_semantic,42282,3,2,0.0831828906378129,0.0831828906298445
tokyo_42282_semantic,42282,4,4,0.165262321484399,0.16526232148339
tokyo_42282_temporal_spatial,42282,1,16,0.667293072762951,0.667293072753101
tokyo_42282_temporal_spatial,42282,2,2,0.0835273039661854,0.0835273039856969
tokyo_42282_temporal_spatial,42282,3,2,0.0822943207723452,0.0822943207652044
tokyo_42282_temporal_spatial,42282,4,4,0.166885302498518,0.166885302495998
tokyo_44616_relational_after,44616,1,39,1,1
tokyo_44616_semantic,44616,1,39,1,1
tokyo_44616_temporal_spatial,44616,1,39,1,1
tokyo_45189_relational_after,45189,1,2,0.0775491001638639,0.0775491001749933
tokyo_45189_relational_after,45189,2,23,0.922450899836136,0.922450899825007
tokyo_45189_semantic,45189,1,2,0.0775823297931385,0.0775823298042524
tokyo_45189_semantic,45189,2,23,0.922417670206861,0.922417670195747
tokyo_45189_temporal_spatial,45189,1,2,0.0790062001419932,0.0790062001524441
tokyo_45189_temporal_spatial,45189,2,23,0.920993799858007,0.920993799847556
tokyo_45205_relational_after,45205,1,140,1,1
tokyo_45205_semantic,45205,1,140,1,1
tokyo_45205_temporal_spatial,45205,1,140,1,1
tokyo_50046_relational_after,50046,1,51,0.930302479328776,0.930302479315534
tokyo_50046_relational_after,50046,2,4,0.0696975206712239,0.069697520684466
tokyo_50046_semantic,50046,1,51,0.928328189847176,0.928328189835773
tokyo_50046_semantic,50046,2,4,0.0716718101528235,0.0716718101642269
tokyo_50046_temporal_spatial,50046,1,51,0.928822802284446,0.928822802272582
tokyo_50046_temporal_spatial,50046,2,4,0.0711771977155541,0.0711771977274182
tokyo_51031_relational_after,51031,1,46,0.932657656436746,0.932657656437375
tokyo_51031_relational_after,51031,2,3,0.0673423435632544,0.0673423435626251
tokyo_51031_semantic,51031,1,46,0.938256897759856,0.93825689775527
tokyo_51031_semantic,51031,2,3,0.0617431022401444,0.0617431022447299
tokyo_51031_temporal_spatial,51031,1,46,0.941957539122356,0.941957539114324
tokyo_51031_temporal_spatial,51031,2,3,0.0580424608776444,0.0580424608856763
tokyo_51516_relational_after,51516,1,33,1,1
tokyo_51516_semantic,51516,1,33,1,1
tokyo_51516_temporal_spatial,51516,1,33,1,1
tokyo_52894_relational_after,52894,1,2,0.0455179346422421,0.0455179346475472
tokyo_52894_relational_after,52894,2,24,0.566033609248067,0.566033609215424
tokyo_52894_relational_after,52894,3,2,0.0457162409195049,0.0457162409247176
tokyo_52894_relational_after,52894,4,2,0.0457675968100153,0.0457675968152042
tokyo_52894_relational_after,52894,5,2,0.0461988803875973,0.0461988803925853
tokyo_52894_relational_after,52894,6,5,0.115070516026057,0.115070516033047
tokyo_52894_relational_after,52894,7,4,0.0908756187638123,0.0908756187631396
tokyo_52894_relational_after,52894,8,2,0.0448196032027041,0.0448196032083344
tokyo_52894_semantic,52894,1,2,0.0461021533410215,0.0461021533510877
tokyo_52894_semantic,52894,2,24,0.554228984047932,0.554228983993642
tokyo_52894_semantic,52894,3,2,0.0469780682069909,0.0469780682162413
tokyo_52894_semantic,52894,4,2,0.0464936791344783,0.0464936791441798
tokyo_52894_semantic,52894,5,2,0.0468395140397266,0.046839514049106
tokyo_52894_semantic,52894,6,5,0.117740851507817,0.11774085151931
tokyo_52894_semantic,52894,7,4,0.0936897858088435,0.0936897858048771
tokyo_52894_semantic,52894,8,2,0.04792696391319,0.0479269639215567
tokyo_52894_temporal_spatial,52894,1,2,0.0461497348399116,0.0461497348499334
tokyo_52894_temporal_spatial,52894,2,24,0.556338140838341,0.556338140782086
tokyo_52894_temporal_spatial,52894,3,2,0.047086989479838,0.047086989488987
tokyo_52894_temporal_spatial,52894,4,2,0.0465147416329486,0.0465147416426305
tokyo_52894_temporal_spatial,52894,5,2,0.0463628109948029,0.0463628110046263
tokyo_52894_temporal_spatial,52894,6,5,0.117224806523087,0.117224806535061
tokyo_52894_temporal_spatial,52894,7,4,0.0941264690484151,0.094126469044042
tokyo_52894_temporal_spatial,52894,8,2,0.0461963066426557,0.0461963066526342
tokyo_53205_relational_after,53205,1,40,1,1
tokyo_53205_semantic,53205,1,40,1,1
tokyo_53205_temporal_spatial,53205,1,40,1,1
tokyo_53405_relational_after,53405,1,12,0.465344913441908,0.465344913432922
tokyo_53405_relational_after,53405,2,2,0.0775585631165788,0.077558563126869
tokyo_53405_relational_after,53405,3,3,0.115083649503867,0.115083649514576
tokyo_53405_relational_after,53405,4,7,0.265389103549359,0.265389103526185
tokyo_53405_relational_after,53405,5,2,0.0766237703882869,0.0766237703994477
tokyo_53405_semantic,53405,1,12,0.469814761430276,0.469814761417127
tokyo_53405_semantic,53405,2,2,0.0764764523121857,0.0764764523234837
tokyo_53405_semantic,53405,3,3,0.114629948714648,0.114629948725779
tokyo_53405_semantic,53405,4,7,0.262510163181613,0.26251016316112
tokyo_53405_semantic,53405,5,2,0.0765686743612779,0.07656867437249
tokyo_53405_temporal_spatial,53405,1,12,0.471194322871205,0.471194322856771
tokyo_53405_temporal_spatial,53405,2,2,0.0766200286570528,0.0766200286682171
tokyo_53405_temporal_spatial,53405,3,3,0.114241041006752,0.114241041018245
tokyo_53405_temporal_spatial,53405,4,7,0.260226746749274,0.260226746730908
tokyo_53405_temporal_spatial,53405,5,2,0.077717860715717,0.0777178607258588
tokyo_55985_relational_after,55985,1,30,1,1
tokyo_55985_semantic,55985,1,30,1,1
tokyo_55985_temporal_spatial,55985,1,30,1,1
tokyo_59554_relational_after,59554,1,23,1,1
tokyo_59554_semantic,59554,1,23,1,1
tokyo_59554_temporal_spatial,59554,1,23,1,1
tokyo_60393_relational_after,60393,1,170,1,1
tokyo_60393_semantic,60393,1,170,1,1
tokyo_60393_temporal_spatial,60393,1,170,1,1
tokyo_70564_relational_after,70564,1,103,0.971611899170415,0.971611899140508
tokyo_70564_relational_after,70564,2,3,0.0283881008295846,0.0283881008594919
tokyo_70564_semantic,70564,1,103,0.970776739055848,0.970776739027496
tokyo_70564_semantic,70564,2,3,0.0292232609441523,0.029223260972504
tokyo_70564_temporal_spatial,70564,1,103,0.971511553724208,0.971511553694488
tokyo_70564_temporal_spatial,70564,2,3,0.0284884462757917,0.0284884463055121
tokyo_70703_relational_after,70703,1,39,0.827954858105804,0.827954858073855
tokyo_70703_relational_after,70703,2,4,0.0837244834666677,0.0837244834773905
tokyo_70703_relational_after,70703,3,2,0.0461196281300115,0.0461196281387994
tokyo_70703_relational_after,70703,4,2,0.0422010302975172,0.0422010303099546
tokyo_70703_semantic,70703,1,39,0.82834878672406,0.828348786691745
tokyo_70703_semantic,70703,2,4,0.0861134724188234,0.0861134724273214
tokyo_70703_semantic,70703,3,2,0.0430102216388552,0.0430102216505389
tokyo_70703_semantic,70703,4,2,0.0425275192182616,0.0425275192303949
tokyo_70703_temporal_spatial,70703,1,39,0.828414984521322,0.828414984488946
tokyo_70703_temporal_spatial,70703,2,4,0.0854097664014371,0.0854097664105905
tokyo_70703_temporal_spatial,70703,3,2,0.0429745332562263,0.0429745332679432
tokyo_70703_temporal_spatial,70703,4,2,0.0432007158210143,0.0432007158325206
tokyo_72210_relational_after,72210,1,33,0.943585119725182,0.943585119705287
tokyo_72210_relational_after,72210,2,2,0.0564148802748177,0.0564148802947135
tokyo_72210_semantic,72210,1,33,0.943267322195197,0.943267322175598
tokyo_72210_semantic,72210,2,2,0.0567326778048027,0.0567326778244025
tokyo_72210_temporal_spatial,72210,1,33,0.944571405870863,0.944571405850048
tokyo_72210_temporal_spatial,72210,2,2,0.0554285941291374,0.0554285941499517
tokyo_72444_relational_after,72444,1,29,1,1
tokyo_72444_semantic,72444,1,29,1,1
tokyo_72444_temporal_spatial,72444,1,29,1,1
tokyo_74188_relational_after,74188,1,33,0.849499092029241,0.849499091986623
tokyo_74188_relational_after,74188,2,2,0.0495283636304061,0.0495283636452069
tokyo_74188_relational_after,74188,3,2,0.050295718974722,0.0502957189888081
tokyo_74188_relational_after,74188,4,2,0.0506768253656312,0.0506768253793624
tokyo_74188_semantic,74188,1,33,0.842995928784702,0.84299592874814
tokyo_74188_semantic,74188,2,2,0.0522953673513862,0.05229536736361
tokyo_74188_semantic,74188,3,2,0.0523739803146042,0.0523739803267548
tokyo_74188_semantic,74188,4,2,0.0523347235493078,0.052334723561495
tokyo_74188_temporal_spatial,74188,1,33,0.84339190872147,0.84339190868454
tokyo_74188_temporal_spatial,74188,2,2,0.050960482170913,0.05096048218438
tokyo_74188_temporal_spatial,74188,3,2,0.0528560852186047,0.0528560852303063
tokyo_74188_temporal_spatial,74188,4,2,0.0527915238890122,0.0527915239007739
tokyo_74982_relational_after,74982,1,2,0.0809330724790798,0.0809330724854415
tokyo_74982_relational_after,74982,2,16,0.672957682956134,0.672957682938522
tokyo_74982_relational_after,74982,3,4,0.164631541424423,0.164631541429566
tokyo_74982_relational_after,74982,4,2,0.0814777031403627,0.0814777031464707
tokyo_74982_semantic,74982,1,2,0.0841632846245047,0.0841632846342196
tokyo_74982_semantic,74982,2,16,0.665328791006781,0.665328790978661
tokyo_74982_semantic,74982,3,4,0.166702724013554,0.166702724021911
tokyo_74982_semantic,74982,4,2,0.0838052003551597,0.0838052003652081
tokyo_74982_temporal_spatial,74982,1,2,0.0806607863272485,0.0806607863402253
tokyo_74982_temporal_spatial,74982,2,16,0.672168787865625,0.672168787831134
tokyo_74982_temporal_spatial,74982,3,4,0.164508505622327,0.164508505632727
tokyo_74982_temporal_spatial,74982,4,2,0.0826619201848005,0.0826619201959136
tokyo_78286_relational_after,78286,1,76,1,1
tokyo_78286_semantic,78286,1,76,1,1
tokyo_78286_temporal_spatial,78286,1,76,1,1
tokyo_79139_relational_after,79139,1,32,1,1
tokyo_79139_semantic,79139,1,32,1,1
tokyo_79139_temporal_spatial,79139,1,32,1,1
tokyo_79719_relational_after,79719,1,55,0.966084789271729,0.966084789250872
tokyo_79719_relational_after,79719,2,2,0.0339152107282707,0.0339152107491278
tokyo_79719_semantic,79719,1,55,0.965188307126428,0.965188307107241
tokyo_79719_semantic,79719,2,2,0.0348116928735719,0.0348116928927592
tokyo_79719_temporal_spatial,79719,1,55,0.966002912548455,0.966002912538103
tokyo_79719_temporal_spatial,79719,2,2,0.0339970874515446,0.0339970874618969
tokyo_80051_relational_after,80051,1,3,0.0870797894722517,0.0870797895001188
tokyo_80051_relational_after,80051,2,31,0.912920210527748,0.912920210499881
tokyo_80051_semantic,80051,1,3,0.0922874234402451,0.0922874234493287
tokyo_80051_semantic,80051,2,31,0.907712576559755,0.907712576550671
tokyo_80051_temporal_spatial,80051,1,3,0.0827374785708534,0.082737478588831
tokyo_80051_temporal_spatial,80051,2,31,0.917262521429147,0.917262521411169
tokyo_80415_relational_after,80415,1,25,1,1
tokyo_80415_semantic,80415,1,25,1,1
tokyo_80415_temporal_spatial,80415,1,25,1,1
tokyo_80480_relational_after,80480,1,38,1,1
tokyo_80480_semantic,80480,1,38,1,1
tokyo_80480_temporal_spatial,80480,1,38,1,1
tokyo_86988_relational_after,86988,1,47,1,1
tokyo_86988_semantic,86988,1,47,1,1
tokyo_86988_temporal_spatial,86988,1,47,1,1
tokyo_87391_temporal_spatial,87391,1,20,1,1
tokyo_88625_relational_after,88625,1,2,0.0612160783578188,0.0612160783716457
tokyo_88625_relational_after,88625,2,28,0.878001248733348,0.878001248705492
tokyo_88625_relational_after,88625,3,2,0.0607826729088334,0.0607826729228621
tokyo_88625_semantic,88625,1,2,0.0637872594071795,0.0637872594198091
tokyo_88625_semantic,88625,2,28,0.872155306574764,0.872155306549631
tokyo_88625_semantic,88625,3,2,0.0640574340180561,0.0640574340305599
tokyo_88625_temporal_spatial,88625,1,2,0.0632903240679897,0.0632903240808507
tokyo_88625_temporal_spatial,88625,2,28,0.874494588025075,0.874494587998852
tokyo_88625_temporal_spatial,88625,3,2,0.0622150879069354,0.062215087920297
tokyo_88793_relational_after,88793,1,44,0.877183196278955,0.877183196243123
tokyo_88793_relational_after,88793,2,2,0.039850217898455,0.0398502179139163
tokyo_88793_relational_after,88793,3,2,0.0435887962016252,0.0435887962136046
tokyo_88793_relational_after,88793,4,2,0.039377789620965,0.0393777896293556
tokyo_88793_semantic,88793,1,44,0.8764034077276,0.876403407692495
tokyo_88793_semantic,88793,2,2,0.0398434704709643,0.0398434704864318
tokyo_88793_semantic,88793,3,2,0.0401696256481846,0.0401696256633484
tokyo_88793_semantic,88793,4,2,0.0435834961532514,0.0435834961577251
tokyo_88793_temporal_spatial,88793,1,44,0.878930679377522,0.878930679340064
tokyo_88793_temporal_spatial,88793,2,2,0.0411033598291173,0.0411033598434115
tokyo_88793_temporal_spatial,88793,3,2,0.0416954425874798,0.0416954426012225
tokyo_88793_temporal_spatial,88793,4,2,0.0382705182058805,0.0382705182153023
